5;5520;104;BORIS;SHVALEV;D-M;4:20:58;4:20:50;15650
5;2;105;MARCO;FERREIRA;E-M;2:33:49;2:33:49;9229
5;1;106;JUAN JOSE;CRESPO RINCON;E-M;2:32:20;2:32:20;9140
5;4;109;ARNAUD;DROUIN;C-M;2:35:36;2:35:33;9333
5;130;111;VALENTIN;VIZOSA OLAYA;G-M;2:57:23;2:57:23;10643
5;2370;112;CARLOS;AYALA MOYA;C-M;3:45:03;3:43:56;13436
5;44;113;DAVID;PEREZ SERRANO;C-M;2:48:23;2:48:23;10103
5;770;114;NOUREDDINE;DIDI;D-M;3:20:16;3:20:15;12015
5;90;116;ESTEBAN;SANCHEZ JIMENEZ;C-M;2:55:05;2:54:59;10499
5;11;117;MANUEL;GRIï¿_ï¿__ï¿_ï¿_AN CARAVACA;F-M;2:41:17;2:41:16;9676
5;13;118;JORGE;CAMPOS PIZARRO;E-M;2:42:53;2:42:52;9772
5;23;119;ANTONIO JESUS;Iï¿_ï¿__ï¿_ï¿_IGO ROMERA;E-M;2:44:40;2:44:40;9880
5;10;120;SANTIAGO MIGUEL;PATIï¿_ï¿__ï¿_ï¿_O CARRERAS;D-M;2:41:05;2:41:05;9665
5;66;121;MIRCEA MARIAN;SACARA;E-M;2:51:41;2:51:39;10299
5;38;122;ADIL;ABACHAD;E-M;2:47:51;2:47:51;10071
5;18;123;VICTOR MANUEL;GARCIA MARTIN;F-M;2:43:33;2:43:32;9812
5;793;124;DANIEL;JIMENEZ PEREZ;D-M;3:21:03;3:21:03;12063
5;554;125;MANUEL;GONZALEZ VALLEJO;F-M;3:14:59;3:14:54;11694
5;6;126;JULIO;DE PABLOS DE PRADOS;D-M;2:38:51;2:38:47;9527
5;28;127;SERGIO;OLMEDO MARCOS;E-M;2:46:02;2:46:01;9961
5;43;128;RICARDO;SANCHEZ PUERTAS;E-M;2:48:15;2:48:10;10090
5;36;129;ALBERTO;MARTIN ARTEAGA;C-M;2:47:38;2:47:31;10051
5;156;130;DAVID;ISABEL LLORENTE;E-M;2:58:22;2:58:17;10697
5;77;131;DANIEL;MORERA NAVARRO;C-M;2:53:03;2:53:03;10383
5;29;132;RAï¿_ÜÅï¿_L;FERIA RASTROJO;D-M;2:46:16;2:46:13;9973
5;57;134;FERNANDO;DIEZ COMENDEZ;D-M;2:50:13;2:50:11;10211
5;2746;135;FRANCISCO JOSE;PRIETO SALCEDO;E-M;3:49:49;3:49:41;13781
5;9;136;FABIEN;GUERINEAU;C-M;2:40:30;2:40:29;9629
5;105;137;DAVID;SANTOVEï¿_ï¿__ï¿_ï¿_A CRESPO;E-M;2:56:22;2:56:19;10579
5;21;139;JUAN ANTONIO;RAMOS MUï¿_ï¿__ï¿_ï¿_OZ;F-M;2:44:20;2:44:20;9860
5;5;141;CARLOS ENRIQUE;GONZALEZ CASTILLEJOS;E-M;2:35:51;2:35:51;9351
5;14;143;MIGUEL ï¿_Ü_ï¿__NGEL;Lï¿_ï¿__ï¿__PEZ CALONGE;D-M;2:42:55;2:42:52;9772
5;549;144;JESUS ANGEL;SAHAGUN MERINO;F-M;3:14:55;3:14:50;11690
5;48;146;JORGE;BENET VILLANUEVA;C-M;2:48:43;2:48:40;10120
5;340;147;LUIS FELIPE;Sï¿_Ü_ï¿__NCHEZ BENï¿_Ü_ï¿__TEZ;F-M;3:07:18;3:07:15;11235
5;16;148;OSCAR;LOPEZ DE LA CRUZ;F-M;2:42:58;2:42:52;9772
5;430;149;JUAN CARLOS;Sï¿_Ü_ï¿__NCHEZ GARCï¿_Ü_ï¿__A;I-M;3:10:59;3:10:59;11459
5;103;150;ISMAEL;JIMENEZ RUIZ;D-M;2:56:19;2:56:17;10577
5;182;152;JOSE MARIA;GONZALEZ MUï¿_ï¿__ï¿_ï¿_OZ;G-M;2:59:00;2:58:57;10737
5;45;154;LUIS MIGUEL;PASCUAL CUESTA;F-M;2:48:23;2:48:23;10103
5;814;156;JUAN JOSE;PINTO MARTINEZ;D-M;3:21:33;3:21:30;12090
5;15;158;RAï¿_ÜÅï¿_L;VALBUENA BERRIO;D-M;2:42:57;2:42:52;9772
5;295;159;OSCAR;SANCHEZ CANOSA;C-M;3:05:30;3:05:30;11130
5;210;160;DAVID;MARTINEZ DOMINGO;E-M;3:00:26;3:00:23;10823
5;12;161;EDUARDO;MECA SOTO;E-M;2:42:20;2:42:20;9740
5;86;162;TONI;MARTIN BRAVO;F-M;2:54:41;2:54:41;10481
5;17;163;ANTONIO;CONTESTï¿_Ü_ï¿__ COLL;F-M;2:43:20;2:43:17;9797
5;169;164;ANTï¿_ï¿__ï¿__NIO;SOUSA;F-M;2:58:41;2:58:41;10721
5;1269;166;GEOFFREY;SAMOYEAU;C-M;3:29:23;3:29:20;12560
5;24;167;ARMAND;IUREA;C-M;2:44:52;2:44:47;9887
5;99;168;ALEJANDRO;Gï¿_ï¿__ï¿__MEZ SERNA;D-M;2:55:57;2:55:53;10553
5;357;169;PAOLO;MERZARIO;E-M;3:08:13;3:08:11;11291
5;1207;170;DAVID;CORZO MANCEBO;D-M;3:28:33;3:28:30;12510
5;72;171;PEDRO;DUQUE DE PABLO;F-M;2:52:25;2:52:23;10343
5;1829;172;DAVID;SANCHEZ SABARTES;C-M;3:38:00;3:37:18;13038
5;51;174;MARQUET;JORDAN;C-M;2:49:33;2:49:31;10171
5;1342;175;ADOLFO;ARCICOLLAR BLANCO;E-M;3:30:32;3:30:32;12632
5;6633;176;PEDRO;DIAZ SALGADO;G-M;4:35:52;4:32:15;16335
5;135;177;JORGE;CALLEJO DEL GRADO;C-M;2:57:35;2:57:29;10649
5;30;178;CESAR;COLMENAREJO GRANDE;C-M;2:46:33;2:46:32;9992
5;124;179;IBAN;IRIARTE ARGAIA;C-M;2:57:12;2:57:10;10630
5;27;181;IGNACIO;HARO HERNANDEZ;E-M;2:45:54;2:45:53;9953
5;277;182;SAMUEL;M.GARCIA;D-M;3:04:42;3:04:37;11077
5;168;183;YURIY;KLYMKO;D-M;2:58:40;2:58:38;10718
5;1634;184;FRANCISCO;MENSEGAR FERNANDEZ;F-M;3:35:08;3:35:05;12905
5;370;185;IGNACIO;LAZARO LLORENTE;F-M;3:08:47;3:08:41;11321
5;26;186;JAVIER;MARTIN SANTOS;C-M;2:45:26;2:45:22;9922
5;58;188;FRANCISCO JAVIER;MARTï¿_Ü_ï¿__N DE LA FUENTE;F-M;2:50:19;2:50:16;10216
5;42;189;CARLOS;OVEJERO FERNANDEZ;E-M;2:48:10;2:48:10;10090
5;2947;190;MANUEL FRANCISCO;CASAS RAMOS;C-M;3:52:08;3:44:41;13481
5;1863;191;ADRIï¿_Ü_ï¿__N ERONï¿_Ü_ï¿__MEDES;BARBA;B-M;3:38:30;3:38:29;13109
5;68;193;MANUEL;CASAS HERRERO;D-M;2:51:58;2:51:56;10316
5;2626;194;GONZALO;CALLE CABRERA;F-M;3:48:22;3:48:22;13702
5;67;195;JOSE ANTONIO;GUTIERREZ PEREZ;F-M;2:51:43;2:51:42;10302
5;37;196;TOMAS;FARIï¿_ï¿__ï¿_ï¿_AS FERNANDEZ;E-M;2:47:47;2:47:46;10066
5;469;197;MYKOLA;VIKHTIUK;D-M;3:12:22;3:12:18;11538
5;176;198;DANIEL;RUIZ FRONTï¿_ï¿__ï¿__N;D-M;2:58:50;2:58:46;10726
5;553;199;FRANCISCO JAVIER;RAMOS MARTINEZ;D-M;3:14:59;3:14:55;11695
5;111;201;PEDRO LUIS;QUEVEDO BRAVO;G-M;2:56:36;2:56:36;10596
5;35;202;JOSE;SANCHEZ VICENTE;C-M;2:47:32;2:47:30;10050
5;40;203;ENRIQUE;VARGAS PEREZ;C-M;2:48:04;2:48:04;10084
5;20;204;EMILIO;RAMOS TORRES;F-M;2:44:00;2:43:57;9837
5;152;205;IGNACIO;FRONTIï¿_ï¿__ï¿_ï¿_AN FORSTER;D-M;2:58:13;2:58:08;10688
5;22;206;JOSï¿_ï¿__ï¿_ï¿_ ï¿_Ü_ï¿__NGEL;ACEBES MUï¿_ï¿__ï¿_ï¿_OZ;D-M;2:44:26;2:44:21;9861
5;39;207;Iï¿_ï¿__ï¿_ï¿_IGO;URTARAN MATEO;E-M;2:47:51;2:47:47;10067
5;82;208;ALEX;SOLER MOLINA;D-M;2:54:01;2:53:59;10439
5;1317;209;FRANCISCO JAVIER;ESTEBAN DEL POZO;F-M;3:30:06;3:27:41;12461
5;1518;210;JESï¿_ÜÅï¿_S ANTONIO;CAMBRONERO Gï¿_Ü_ï¿__LVEZ;F-M;3:33:12;3:33:07;12787
5;70;211;JOSï¿_ï¿__ï¿_ï¿_ ANTONIO;JIMï¿_ï¿__ï¿_ï¿_NEZ GARCï¿_Ü_ï¿__A;F-M;2:52:03;2:52:00;10320
5;1751;212;ENRIQUE;ROMERO PERALES;C-M;3:36:32;3:36:02;12962
5;8;213;DAVID;AGUILAR HUERTAS;E-M;2:39:27;2:39:23;9563
5;56;214;MIGUEL ï¿_Ü_ï¿__NGEL;TORIBIO LUNA;C-M;2:50:09;2:50:02;10202
5;328;216;DAVID;GUILLEN DURAN;C-M;3:06:50;3:06:46;11206
5;229;217;FRANCISCO JAVIER;CAMPOS SALAMANCA;E-M;3:01:08;3:01:05;10865
5;32;218;VICTOR MANUEL;RAFAEL CALDERON;E-M;2:47:19;2:47:16;10036
5;4279;219;GIANCARLO;VOLPATO;G-M;4:06:39;3:58:48;14328
5;1148;222;MANUEL;GATï¿_ï¿__ï¿__N Nï¿_ÜÅï¿_ï¿_ï¿__ï¿_ï¿_EZ;E-M;3:27:46;3:26:46;12406
5;3;223;JORGE;BELINCHON;E-M;2:35:25;2:35:21;9321
5;76;225;MIGUEL ANGEL;NOCELO ZARATE;F-M;2:52:40;2:52:40;10360
5;59;226;ALBERTO;Sï¿_Ü_ï¿__NCHEZ PANIAGUA;C-M;2:50:34;2:50:32;10232
10;1021;104;BORIS;SHVALEV;D-M;0:24:18;0:24:10;1450
10;8;105;MARCO;FERREIRA;E-M;0:18:29;0:18:29;1109
10;10;106;JUAN JOSE;CRESPO RINCON;E-M;0:18:31;0:18:31;1111
10;9;107;CARLOS;CHACON RIFON;F-M;0:18:31;0:18:31;1111
10;3;109;ARNAUD;DROUIN;C-M;0:18:06;0:18:04;1084
10;2715;110;ALVARO;LOPEZ-JIMENEZ;C-M;0:28:36;0:26:19;1579
10;44;111;VALENTIN;VIZOSA OLAYA;G-M;0:19:41;0:19:41;1181
10;2310;112;CARLOS;AYALA MOYA;C-M;0:27:41;0:26:34;1594
10;20;114;NOUREDDINE;DIDI;D-M;0:19:10;0:19:09;1149
10;16;115;UNAI;Sï¿_Ü_ï¿__ENZ DE LA FUENTE;E-M;0:19:06;0:18:59;1139
10;102;116;ESTEBAN;SANCHEZ JIMENEZ;C-M;0:20:31;0:20:25;1225
10;18;117;MANUEL;GRIï¿_ï¿__ï¿_ï¿_AN CARAVACA;F-M;0:19:10;0:19:09;1149
10;6;118;JORGE;CAMPOS PIZARRO;E-M;0:18:17;0:18:16;1096
10;13;119;ANTONIO JESUS;Iï¿_ï¿__ï¿_ï¿_IGO ROMERA;E-M;0:18:38;0:18:38;1118
10;23;120;SANTIAGO MIGUEL;PATIï¿_ï¿__ï¿_ï¿_O CARRERAS;D-M;0:19:11;0:19:11;1151
10;83;121;MIRCEA MARIAN;SACARA;E-M;0:20:18;0:20:17;1217
10;12;122;ADIL;ABACHAD;E-M;0:18:35;0:18:35;1115
10;41;123;VICTOR MANUEL;GARCIA MARTIN;F-M;0:19:35;0:19:34;1174
10;86;124;DANIEL;JIMENEZ PEREZ;D-M;0:20:21;0:20:21;1221
10;101;125;MANUEL;GONZALEZ VALLEJO;F-M;0:20:31;0:20:25;1225
10;14;126;JULIO;DE PABLOS DE PRADOS;D-M;0:18:56;0:18:52;1132
10;49;127;SERGIO;OLMEDO MARCOS;E-M;0:19:52;0:19:51;1191
10;80;128;RICARDO;SANCHEZ PUERTAS;E-M;0:20:18;0:20:12;1212
10;95;129;ALBERTO;MARTIN ARTEAGA;C-M;0:20:28;0:20:21;1221
10;29;130;DAVID;ISABEL LLORENTE;E-M;0:19:17;0:19:13;1153
10;17;131;DANIEL;MORERA NAVARRO;C-M;0:19:09;0:19:09;1149
10;33;132;RAï¿_ÜÅï¿_L;FERIA RASTROJO;D-M;0:19:21;0:19:19;1159
10;62;134;FERNANDO;DIEZ COMENDEZ;D-M;0:20:07;0:20:05;1205
10;1991;135;FRANCISCO JOSE;PRIETO SALCEDO;E-M;0:26:57;0:26:48;1608
10;5;136;FABIEN;GUERINEAU;C-M;0:18:14;0:18:13;1093
10;28;137;DAVID;SANTOVEï¿_ï¿__ï¿_ï¿_A CRESPO;E-M;0:19:17;0:19:14;1154
10;24;139;JUAN ANTONIO;RAMOS MUï¿_ï¿__ï¿_ï¿_OZ;F-M;0:19:11;0:19:10;1150
10;4;141;CARLOS ENRIQUE;GONZALEZ CASTILLEJOS;E-M;0:18:10;0:18:10;1090
10;15;143;MIGUEL ï¿_Ü_ï¿__NGEL;Lï¿_ï¿__ï¿__PEZ CALONGE;D-M;0:19:00;0:18:57;1137
10;431;144;JESUS ANGEL;SAHAGUN MERINO;F-M;0:22:08;0:22:03;1323
10;119;146;JORGE;BENET VILLANUEVA;C-M;0:20:38;0:20:35;1235
10;74;147;LUIS FELIPE;Sï¿_Ü_ï¿__NCHEZ BENï¿_Ü_ï¿__TEZ;F-M;0:20:15;0:20:11;1211
10;34;148;OSCAR;LOPEZ DE LA CRUZ;F-M;0:19:27;0:19:22;1162
10;124;149;JUAN CARLOS;Sï¿_Ü_ï¿__NCHEZ GARCï¿_Ü_ï¿__A;I-M;0:20:40;0:20:40;1240
10;94;150;ISMAEL;JIMENEZ RUIZ;D-M;0:20:27;0:20:25;1225
10;110;152;JOSE MARIA;GONZALEZ MUï¿_ï¿__ï¿_ï¿_OZ;G-M;0:20:33;0:20:31;1231
10;36;154;LUIS MIGUEL;PASCUAL CUESTA;F-M;0:19:27;0:19:26;1166
10;404;156;JUAN JOSE;PINTO MARTINEZ;D-M;0:22:04;0:22:00;1320
10;39;158;RAï¿_ÜÅï¿_L;VALBUENA BERRIO;D-M;0:19:31;0:19:26;1166
10;88;159;OSCAR;SANCHEZ CANOSA;C-M;0:20:25;0:20:24;1224
10;188;160;DAVID;MARTINEZ DOMINGO;E-M;0:20:59;0:20:56;1256
10;7;161;EDUARDO;MECA SOTO;E-M;0:18:26;0:18:26;1106
10;76;162;TONI;MARTIN BRAVO;F-M;0:20:15;0:20:15;1215
10;35;163;ANTONIO;CONTESTï¿_Ü_ï¿__ COLL;F-M;0:19:27;0:19:24;1164
10;51;164;ANTï¿_ï¿__ï¿__NIO;SOUSA;F-M;0:19:54;0:19:54;1194
10;800;166;GEOFFREY;SAMOYEAU;C-M;0:23:45;0:23:42;1422
10;30;167;ARMAND;IUREA;C-M;0:19:18;0:19:12;1152
10;123;168;ALEJANDRO;Gï¿_ï¿__ï¿__MEZ SERNA;D-M;0:20:40;0:20:37;1237
10;541;169;PAOLO;MERZARIO;E-M;0:22:38;0:22:36;1356
10;268;170;DAVID;CORZO MANCEBO;D-M;0:21:24;0:21:21;1281
10;45;171;PEDRO;DUQUE DE PABLO;F-M;0:19:44;0:19:42;1182
10;788;172;DAVID;SANCHEZ SABARTES;C-M;0:23:42;0:23:00;1380
10;103;174;MARQUET;JORDAN;C-M;0:20:32;0:20:29;1229
10;4803;176;PEDRO;DIAZ SALGADO;G-M;0:33:37;0:29:59;1799
10;93;177;JORGE;CALLEJO DEL GRADO;C-M;0:20:27;0:20:21;1221
10;40;178;CESAR;COLMENAREJO GRANDE;C-M;0:19:32;0:19:31;1171
10;120;179;IBAN;IRIARTE ARGAIA;C-M;0:20:38;0:20:37;1237
10;538;180;JOSE ANTONIO;LOPEZ ORDUNA;E-M;0:22:38;0:22:25;1345
10;25;181;IGNACIO;HARO HERNANDEZ;E-M;0:19:13;0:19:12;1152
10;166;182;SAMUEL;M.GARCIA;D-M;0:20:57;0:20:52;1252
10;56;183;YURIY;KLYMKO;D-M;0:19:58;0:19:57;1197
10;527;184;FRANCISCO;MENSEGAR FERNANDEZ;F-M;0:22:34;0:22:31;1351
10;386;185;IGNACIO;LAZARO LLORENTE;F-M;0:21:59;0:21:54;1314
10;135;186;JAVIER;MARTIN SANTOS;C-M;0:20:48;0:20:43;1243
10;47;188;FRANCISCO JAVIER;MARTï¿_Ü_ï¿__N DE LA FUENTE;F-M;0:19:51;0:19:48;1188
10;63;189;CARLOS;OVEJERO FERNANDEZ;E-M;0:20:08;0:20:08;1208
10;5439;190;MANUEL FRANCISCO;CASAS RAMOS;C-M;0:35:11;0:27:44;1664
10;79;191;ADRIï¿_Ü_ï¿__N ERONï¿_Ü_ï¿__MEDES;BARBA;B-M;0:20:18;0:20:16;1216
10;106;193;MANUEL;CASAS HERRERO;D-M;0:20:32;0:20:30;1230
10;84;195;JOSE ANTONIO;GUTIERREZ PEREZ;F-M;0:20:19;0:20:17;1217
10;61;196;TOMAS;FARIï¿_ï¿__ï¿_ï¿_AS FERNANDEZ;E-M;0:20:07;0:20:05;1205
10;260;197;MYKOLA;VIKHTIUK;D-M;0:21:20;0:21:16;1276
10;59;198;DANIEL;RUIZ FRONTï¿_ï¿__ï¿__N;D-M;0:20:03;0:20:00;1200
10;81;199;FRANCISCO JAVIER;RAMOS MARTINEZ;D-M;0:20:18;0:20:14;1214
10;143;201;PEDRO LUIS;QUEVEDO BRAVO;G-M;0:20:51;0:20:51;1251
10;38;202;JOSE;SANCHEZ VICENTE;C-M;0:19:28;0:19:27;1167
10;109;203;ENRIQUE;VARGAS PEREZ;C-M;0:20:33;0:20:33;1233
10;22;204;EMILIO;RAMOS TORRES;F-M;0:19:10;0:19:07;1147
10;96;205;IGNACIO;FRONTIï¿_ï¿__ï¿_ï¿_AN FORSTER;D-M;0:20:29;0:20:24;1224
10;27;206;JOSï¿_ï¿__ï¿_ï¿_ ï¿_Ü_ï¿__NGEL;ACEBES MUï¿_ï¿__ï¿_ï¿_OZ;D-M;0:19:17;0:19:13;1153
10;37;207;Iï¿_ï¿__ï¿_ï¿_IGO;URTARAN MATEO;E-M;0:19:27;0:19:23;1163
10;26;208;ALEX;SOLER MOLINA;D-M;0:19:15;0:19:13;1153
10;2063;209;FRANCISCO JAVIER;ESTEBAN DEL POZO;F-M;0:27:09;0:24:44;1484
10;219;210;JESï¿_ÜÅï¿_S ANTONIO;CAMBRONERO Gï¿_Ü_ï¿__LVEZ;F-M;0:21:04;0:21:00;1260
10;89;211;JOSï¿_ï¿__ï¿_ï¿_ ANTONIO;JIMï¿_ï¿__ï¿_ï¿_NEZ GARCï¿_Ü_ï¿__A;F-M;0:20:26;0:20:23;1223
10;794;212;ENRIQUE;ROMERO PERALES;C-M;0:23:43;0:23:14;1394
10;21;213;DAVID;AGUILAR HUERTAS;E-M;0:19:10;0:19:07;1147
10;69;214;MIGUEL ï¿_Ü_ï¿__NGEL;TORIBIO LUNA;C-M;0:20:11;0:20:04;1204
10;82;216;DAVID;GUILLEN DURAN;C-M;0:20:18;0:20:14;1214
10;99;217;FRANCISCO JAVIER;CAMPOS SALAMANCA;E-M;0:20:30;0:20:27;1227
10;78;218;VICTOR MANUEL;RAFAEL CALDERON;E-M;0:20:17;0:20:14;1214
10;5302;219;GIANCARLO;VOLPATO;G-M;0:34:52;0:27:00;1620
10;916;222;MANUEL;GATï¿_ï¿__ï¿__N Nï¿_ÜÅï¿_ï¿_ï¿__ï¿_ï¿_EZ;E-M;0:24:05;0:23:05;1385
10;31;223;JORGE;BELINCHON;E-M;0:19:19;0:19:16;1156
10;19;224;ALFONSO ANTONIO;Gï¿_ï¿__ï¿__MEZ RUIZ;F-M;0:19:10;0:19:07;1147
10;66;225;MIGUEL ANGEL;NOCELO ZARATE;F-M;0:20:09;0:20:09;1209
10;53;226;ALBERTO;Sï¿_Ü_ï¿__NCHEZ PANIAGUA;C-M;0:19:56;0:19:54;1194
15;1445;104;BORIS;SHVALEV;D-M;0:49:01;0:48:53;2933
15;5;105;MARCO;FERREIRA;E-M;0:35:52;0:35:52;2152
15;2;106;JUAN JOSE;CRESPO RINCON;E-M;0:35:39;0:35:39;2139
15;4;107;CARLOS;CHACON RIFON;F-M;0:35:44;0:35:44;2144
15;1;109;ARNAUD;DROUIN;C-M;0:35:29;0:35:27;2127
15;3064;110;ALVARO;LOPEZ-JIMENEZ;C-M;0:54:49;0:52:32;3152
15;53;111;VALENTIN;VIZOSA OLAYA;G-M;0:38:57;0:38:57;2337
15;2820;112;CARLOS;AYALA MOYA;C-M;0:53:53;0:52:45;3165
15;16;114;NOUREDDINE;DIDI;D-M;0:37:24;0:37:23;2243
15;17;115;UNAI;Sï¿_Ü_ï¿__ENZ DE LA FUENTE;E-M;0:37:24;0:37:18;2238
15;99;116;ESTEBAN;SANCHEZ JIMENEZ;C-M;0:40:01;0:39:55;2395
15;13;117;MANUEL;GRIï¿_ï¿__ï¿_ï¿_AN CARAVACA;F-M;0:37:10;0:37:10;2230
15;8;118;JORGE;CAMPOS PIZARRO;E-M;0:36:03;0:36:02;2162
15;10;119;ANTONIO JESUS;Iï¿_ï¿__ï¿_ï¿_IGO ROMERA;E-M;0:36:38;0:36:38;2198
15;15;120;SANTIAGO MIGUEL;PATIï¿_ï¿__ï¿_ï¿_O CARRERAS;D-M;0:37:21;0:37:21;2241
15;9;122;ADIL;ABACHAD;E-M;0:36:18;0:36:18;2178
15;26;123;VICTOR MANUEL;GARCIA MARTIN;F-M;0:37:55;0:37:54;2274
15;96;124;DANIEL;JIMENEZ PEREZ;D-M;0:39:59;0:39:59;2399
15;97;125;MANUEL;GONZALEZ VALLEJO;F-M;0:40:01;0:39:55;2395
15;11;126;JULIO;DE PABLOS DE PRADOS;D-M;0:36:59;0:36:54;2214
15;30;127;SERGIO;OLMEDO MARCOS;E-M;0:38:05;0:38:04;2284
15;65;128;RICARDO;SANCHEZ PUERTAS;E-M;0:39:26;0:39:20;2360
15;90;129;ALBERTO;MARTIN ARTEAGA;C-M;0:39:54;0:39:47;2387
15;37;130;DAVID;ISABEL LLORENTE;E-M;0:38:12;0:38:08;2288
15;33;131;DANIEL;MORERA NAVARRO;C-M;0:38:09;0:38:09;2289
15;36;132;RAï¿_ÜÅï¿_L;FERIA RASTROJO;D-M;0:38:12;0:38:09;2289
15;78;134;FERNANDO;DIEZ COMENDEZ;D-M;0:39:41;0:39:39;2379
15;2765;135;FRANCISCO JOSE;PRIETO SALCEDO;E-M;0:53:39;0:53:30;3210
15;7;136;FABIEN;GUERINEAU;C-M;0:36:03;0:36:03;2163
15;34;137;DAVID;SANTOVEï¿_ï¿__ï¿_ï¿_A CRESPO;E-M;0:38:10;0:38:07;2287
15;27;139;JUAN ANTONIO;RAMOS MUï¿_ï¿__ï¿_ï¿_OZ;F-M;0:38:00;0:37:59;2279
15;3;141;CARLOS ENRIQUE;GONZALEZ CASTILLEJOS;E-M;0:35:42;0:35:42;2142
15;14;143;MIGUEL ï¿_Ü_ï¿__NGEL;Lï¿_ï¿__ï¿__PEZ CALONGE;D-M;0:37:12;0:37:09;2229
15;535;144;JESUS ANGEL;SAHAGUN MERINO;F-M;0:43:54;0:43:49;2629
15;108;146;JORGE;BENET VILLANUEVA;C-M;0:40:08;0:40:05;2405
15;80;147;LUIS FELIPE;Sï¿_Ü_ï¿__NCHEZ BENï¿_Ü_ï¿__TEZ;F-M;0:39:45;0:39:42;2382
15;31;148;OSCAR;LOPEZ DE LA CRUZ;F-M;0:38:08;0:38:03;2283
15;113;149;JUAN CARLOS;Sï¿_Ü_ï¿__NCHEZ GARCï¿_Ü_ï¿__A;I-M;0:40:13;0:40:13;2413
15;94;150;ISMAEL;JIMENEZ RUIZ;D-M;0:39:59;0:39:57;2397
15;115;152;JOSE MARIA;GONZALEZ MUï¿_ï¿__ï¿_ï¿_OZ;G-M;0:40:15;0:40:12;2412
15;32;154;LUIS MIGUEL;PASCUAL CUESTA;F-M;0:38:09;0:38:08;2288
15;476;156;JUAN JOSE;PINTO MARTINEZ;D-M;0:43:19;0:43:15;2595
15;43;158;RAï¿_ÜÅï¿_L;VALBUENA BERRIO;D-M;0:38:43;0:38:38;2318
15;86;159;OSCAR;SANCHEZ CANOSA;C-M;0:39:50;0:39:50;2390
15;133;160;DAVID;MARTINEZ DOMINGO;E-M;0:40:29;0:40:26;2426
15;6;161;EDUARDO;MECA SOTO;E-M;0:36:03;0:36:03;2163
15;102;162;TONI;MARTIN BRAVO;F-M;0:40:01;0:40:01;2401
15;29;163;ANTONIO;CONTESTï¿_Ü_ï¿__ COLL;F-M;0:38:02;0:37:59;2279
15;45;164;ANTï¿_ï¿__ï¿__NIO;SOUSA;F-M;0:38:51;0:38:51;2331
15;1082;166;GEOFFREY;SAMOYEAU;C-M;0:46:59;0:46:56;2816
15;35;167;ARMAND;IUREA;C-M;0:38:12;0:38:06;2286
15;136;168;ALEJANDRO;Gï¿_ï¿__ï¿__MEZ SERNA;D-M;0:40:30;0:40:26;2426
15;559;169;PAOLO;MERZARIO;E-M;0:44:09;0:44:07;2647
15;347;170;DAVID;CORZO MANCEBO;D-M;0:42:25;0:42:22;2542
15;41;171;PEDRO;DUQUE DE PABLO;F-M;0:38:36;0:38:34;2314
15;669;172;DAVID;SANCHEZ SABARTES;C-M;0:45:04;0:44:22;2662
15;95;174;MARQUET;JORDAN;C-M;0:39:59;0:39:57;2397
15;5241;176;PEDRO;DIAZ SALGADO;G-M;1:01:53;0:58:16;3496
15;89;177;JORGE;CALLEJO DEL GRADO;C-M;0:39:54;0:39:48;2388
15;39;178;CESAR;COLMENAREJO GRANDE;C-M;0:38:27;0:38:26;2306
15;109;179;IBAN;IRIARTE ARGAIA;C-M;0:40:10;0:40:08;2408
15;692;180;JOSE ANTONIO;LOPEZ ORDUNA;E-M;0:45:09;0:44:56;2696
15;24;181;IGNACIO;HARO HERNANDEZ;E-M;0:37:53;0:37:52;2272
15;195;182;SAMUEL;M.GARCIA;D-M;0:41:09;0:41:04;2464
15;47;183;YURIY;KLYMKO;D-M;0:38:52;0:38:50;2330
15;599;184;FRANCISCO;MENSEGAR FERNANDEZ;F-M;0:44:34;0:44:31;2671
15;472;185;IGNACIO;LAZARO LLORENTE;F-M;0:43:17;0:43:11;2591
15;119;186;JAVIER;MARTIN SANTOS;C-M;0:40:18;0:40:14;2414
15;50;188;FRANCISCO JAVIER;MARTï¿_Ü_ï¿__N DE LA FUENTE;F-M;0:38:52;0:38:49;2329
15;73;189;CARLOS;OVEJERO FERNANDEZ;E-M;0:39:32;0:39:32;2372
15;5206;190;MANUEL FRANCISCO;CASAS RAMOS;C-M;1:01:45;0:54:19;3259
15;57;191;ADRIï¿_Ü_ï¿__N ERONï¿_Ü_ï¿__MEDES;BARBA;B-M;0:39:05;0:39:03;2343
15;98;193;MANUEL;CASAS HERRERO;D-M;0:40:01;0:39:59;2399
15;106;195;JOSE ANTONIO;GUTIERREZ PEREZ;F-M;0:40:07;0:40:05;2405
15;72;196;TOMAS;FARIï¿_ï¿__ï¿_ï¿_AS FERNANDEZ;E-M;0:39:32;0:39:30;2370
15;318;197;MYKOLA;VIKHTIUK;D-M;0:42:09;0:42:05;2525
15;69;198;DANIEL;RUIZ FRONTï¿_ï¿__ï¿__N;D-M;0:39:30;0:39:27;2367
15;85;199;FRANCISCO JAVIER;RAMOS MARTINEZ;D-M;0:39:50;0:39:46;2386
15;138;201;PEDRO LUIS;QUEVEDO BRAVO;G-M;0:40:30;0:40:30;2430
15;38;202;JOSE;SANCHEZ VICENTE;C-M;0:38:21;0:38:20;2300
15;101;203;ENRIQUE;VARGAS PEREZ;C-M;0:40:01;0:40:01;2401
15;21;204;EMILIO;RAMOS TORRES;F-M;0:37:35;0:37:32;2252
15;91;205;IGNACIO;FRONTIï¿_ï¿__ï¿_ï¿_AN FORSTER;D-M;0:39:56;0:39:51;2391
15;28;206;JOSï¿_ï¿__ï¿_ï¿_ ï¿_Ü_ï¿__NGEL;ACEBES MUï¿_ï¿__ï¿_ï¿_OZ;D-M;0:38:01;0:37:57;2277
15;44;207;Iï¿_ï¿__ï¿_ï¿_IGO;URTARAN MATEO;E-M;0:38:48;0:38:43;2323
15;23;208;ALEX;SOLER MOLINA;D-M;0:37:49;0:37:47;2267
15;1910;209;FRANCISCO JAVIER;ESTEBAN DEL POZO;F-M;0:50:34;0:48:09;2889
15;225;210;JESï¿_ÜÅï¿_S ANTONIO;CAMBRONERO Gï¿_Ü_ï¿__LVEZ;F-M;0:41:32;0:41:28;2488
15;84;211;JOSï¿_ï¿__ï¿_ï¿_ ANTONIO;JIMï¿_ï¿__ï¿_ï¿_NEZ GARCï¿_Ü_ï¿__A;F-M;0:39:48;0:39:44;2384
15;845;212;ENRIQUE;ROMERO PERALES;C-M;0:46:03;0:45:33;2733
15;20;213;DAVID;AGUILAR HUERTAS;E-M;0:37:35;0:37:31;2251
15;83;214;MIGUEL ï¿_Ü_ï¿__NGEL;TORIBIO LUNA;C-M;0:39:47;0:39:40;2380
15;110;216;DAVID;GUILLEN DURAN;C-M;0:40:10;0:40:06;2406
15;130;217;FRANCISCO JAVIER;CAMPOS SALAMANCA;E-M;0:40:28;0:40:25;2425
15;68;218;VICTOR MANUEL;RAFAEL CALDERON;E-M;0:39:29;0:39:26;2366
15;5036;219;GIANCARLO;VOLPATO;G-M;1:01:11;0:53:19;3199
15;1040;222;MANUEL;GATï¿_ï¿__ï¿__N Nï¿_ÜÅï¿_ï¿_ï¿__ï¿_ï¿_EZ;E-M;0:46:43;0:45:43;2743
15;18;223;JORGE;BELINCHON;E-M;0:37:30;0:37:26;2246
15;19;224;ALFONSO ANTONIO;Gï¿_ï¿__ï¿__MEZ RUIZ;F-M;0:37:34;0:37:31;2251
15;62;225;MIGUEL ANGEL;NOCELO ZARATE;F-M;0:39:25;0:39:25;2365
15;54;226;ALBERTO;Sï¿_Ü_ï¿__NCHEZ PANIAGUA;C-M;0:38:57;0:38:55;2335
20;1928;104;BORIS;SHVALEV;D-M;1:14:39;1:14:30;4470
20;6;105;MARCO;FERREIRA;E-M;0:53:27;0:53:27;3207
20;2;106;JUAN JOSE;CRESPO RINCON;E-M;0:52:58;0:52:58;3178
20;3;107;CARLOS;CHACON RIFON;F-M;0:53:16;0:53:16;3196
20;5;109;ARNAUD;DROUIN;C-M;0:53:20;0:53:17;3197
20;3813;110;ALVARO;LOPEZ-JIMENEZ;C-M;1:23:37;1:21:20;4880
20;57;111;VALENTIN;VIZOSA OLAYA;G-M;0:58:34;0:58:34;3514
20;3222;112;CARLOS;AYALA MOYA;C-M;1:20:41;1:19:33;4773
20;20;114;NOUREDDINE;DIDI;D-M;0:55:59;0:55:58;3358
20;19;115;UNAI;Sï¿_Ü_ï¿__ENZ DE LA FUENTE;E-M;0:55:48;0:55:41;3341
20;104;116;ESTEBAN;SANCHEZ JIMENEZ;C-M;0:59:55;0:59:49;3589
20;15;117;MANUEL;GRIï¿_ï¿__ï¿_ï¿_AN CARAVACA;F-M;0:55:30;0:55:29;3329
20;9;118;JORGE;CAMPOS PIZARRO;E-M;0:54:14;0:54:12;3252
20;11;119;ANTONIO JESUS;Iï¿_ï¿__ï¿_ï¿_IGO ROMERA;E-M;0:54:46;0:54:46;3286
20;17;120;SANTIAGO MIGUEL;PATIï¿_ï¿__ï¿_ï¿_O CARRERAS;D-M;0:55:43;0:55:43;3343
20;115;121;MIRCEA MARIAN;SACARA;E-M;1:00:02;1:00:01;3601
20;10;122;ADIL;ABACHAD;E-M;0:54:16;0:54:16;3256
20;25;123;VICTOR MANUEL;GARCIA MARTIN;F-M;0:56:42;0:56:41;3401
20;92;124;DANIEL;JIMENEZ PEREZ;D-M;0:59:37;0:59:37;3577
20;102;125;MANUEL;GONZALEZ VALLEJO;F-M;0:59:55;0:59:49;3589
20;12;126;JULIO;DE PABLOS DE PRADOS;D-M;0:55:13;0:55:09;3309
20;29;127;SERGIO;OLMEDO MARCOS;E-M;0:56:59;0:56:58;3418
20;62;128;RICARDO;SANCHEZ PUERTAS;E-M;0:58:48;0:58:43;3523
20;69;129;ALBERTO;MARTIN ARTEAGA;C-M;0:58:57;0:58:50;3530
20;45;130;DAVID;ISABEL LLORENTE;E-M;0:58:03;0:57:58;3478
20;37;131;DANIEL;MORERA NAVARRO;C-M;0:57:26;0:57:26;3446
20;34;132;RAï¿_ÜÅï¿_L;FERIA RASTROJO;D-M;0:57:13;0:57:10;3430
20;94;134;FERNANDO;DIEZ COMENDEZ;D-M;0:59:38;0:59:36;3576
20;3283;135;FRANCISCO JOSE;PRIETO SALCEDO;E-M;1:20:55;1:20:46;4846
20;7;136;FABIEN;GUERINEAU;C-M;0:54:02;0:54:02;3242
20;38;137;DAVID;SANTOVEï¿_ï¿__ï¿_ï¿_A CRESPO;E-M;0:57:31;0:57:28;3448
20;30;139;JUAN ANTONIO;RAMOS MUï¿_ï¿__ï¿_ï¿_OZ;F-M;0:56:59;0:56:58;3418
20;4;141;CARLOS ENRIQUE;GONZALEZ CASTILLEJOS;E-M;0:53:16;0:53:16;3196
20;16;143;MIGUEL ï¿_Ü_ï¿__NGEL;Lï¿_ï¿__ï¿__PEZ CALONGE;D-M;0:55:37;0:55:34;3334
20;574;144;JESUS ANGEL;SAHAGUN MERINO;F-M;1:06:05;1:06:00;3960
20;107;146;JORGE;BENET VILLANUEVA;C-M;0:59:55;0:59:52;3592
20;101;147;LUIS FELIPE;Sï¿_Ü_ï¿__NCHEZ BENï¿_Ü_ï¿__TEZ;F-M;0:59:55;0:59:51;3591
20;33;148;OSCAR;LOPEZ DE LA CRUZ;F-M;0:57:12;0:57:07;3427
20;111;149;JUAN CARLOS;Sï¿_Ü_ï¿__NCHEZ GARCï¿_Ü_ï¿__A;I-M;0:59:59;0:59:59;3599
20;98;150;ISMAEL;JIMENEZ RUIZ;D-M;0:59:47;0:59:45;3585
20;146;152;JOSE MARIA;GONZALEZ MUï¿_ï¿__ï¿_ï¿_OZ;G-M;1:00:41;1:00:39;3639
20;35;154;LUIS MIGUEL;PASCUAL CUESTA;F-M;0:57:15;0:57:15;3435
20;511;156;JUAN JOSE;PINTO MARTINEZ;D-M;1:05:08;1:05:05;3905
20;48;158;RAï¿_ÜÅï¿_L;VALBUENA BERRIO;D-M;0:58:07;0:58:02;3482
20;95;159;OSCAR;SANCHEZ CANOSA;C-M;0:59:41;0:59:41;3581
20;116;160;DAVID;MARTINEZ DOMINGO;E-M;1:00:08;1:00:05;3605
20;8;161;EDUARDO;MECA SOTO;E-M;0:54:09;0:54:09;3249
20;109;162;TONI;MARTIN BRAVO;F-M;0:59:58;0:59:58;3598
20;31;163;ANTONIO;CONTESTï¿_Ü_ï¿__ COLL;F-M;0:57:04;0:57:02;3422
20;52;164;ANTï¿_ï¿__ï¿__NIO;SOUSA;F-M;0:58:15;0:58:15;3495
20;1159;166;GEOFFREY;SAMOYEAU;C-M;1:10:31;1:10:28;4228
20;32;167;ARMAND;IUREA;C-M;0:57:08;0:57:02;3422
20;136;168;ALEJANDRO;Gï¿_ï¿__ï¿__MEZ SERNA;D-M;1:00:35;1:00:31;3631
20;541;169;PAOLO;MERZARIO;E-M;1:05:40;1:05:38;3938
20;460;170;DAVID;CORZO MANCEBO;D-M;1:04:23;1:04:20;3860
20;44;171;PEDRO;DUQUE DE PABLO;F-M;0:57:58;0:57:56;3476
20;679;172;DAVID;SANCHEZ SABARTES;C-M;1:07:12;1:06:30;3990
20;93;174;MARQUET;JORDAN;C-M;0:59:38;0:59:36;3576
20;5537;176;PEDRO;DIAZ SALGADO;G-M;1:30:52;1:27:14;5234
20;68;177;JORGE;CALLEJO DEL GRADO;C-M;0:58:57;0:58:51;3531
20;42;178;CESAR;COLMENAREJO GRANDE;C-M;0:57:48;0:57:47;3467
20;108;179;IBAN;IRIARTE ARGAIA;C-M;0:59:58;0:59:57;3597
20;28;181;IGNACIO;HARO HERNANDEZ;E-M;0:56:57;0:56:56;3416
20;219;182;SAMUEL;M.GARCIA;D-M;1:02:09;1:02:04;3724
20;54;183;YURIY;KLYMKO;D-M;0:58:23;0:58:21;3501
20;614;184;FRANCISCO;MENSEGAR FERNANDEZ;F-M;1:06:40;1:06:37;3997
20;487;185;IGNACIO;LAZARO LLORENTE;F-M;1:04:42;1:04:36;3876
20;100;186;JAVIER;MARTIN SANTOS;C-M;0:59:54;0:59:50;3590
20;46;188;FRANCISCO JAVIER;MARTï¿_Ü_ï¿__N DE LA FUENTE;F-M;0:58:05;0:58:02;3482
20;75;189;CARLOS;OVEJERO FERNANDEZ;E-M;0:59:05;0:59:05;3545
20;4827;190;MANUEL FRANCISCO;CASAS RAMOS;C-M;1:27:41;1:20:14;4814
20;55;191;ADRIï¿_Ü_ï¿__N ERONï¿_Ü_ï¿__MEDES;BARBA;B-M;0:58:23;0:58:21;3501
20;103;193;MANUEL;CASAS HERRERO;D-M;0:59:55;0:59:53;3593
20;114;195;JOSE ANTONIO;GUTIERREZ PEREZ;F-M;1:00:02;1:00:01;3601
20;73;196;TOMAS;FARIï¿_ï¿__ï¿_ï¿_AS FERNANDEZ;E-M;0:59:04;0:59:03;3543
20;391;197;MYKOLA;VIKHTIUK;D-M;1:03:45;1:03:41;3821
20;80;198;DANIEL;RUIZ FRONTï¿_ï¿__ï¿__N;D-M;0:59:16;0:59:12;3552
20;97;199;FRANCISCO JAVIER;RAMOS MARTINEZ;D-M;0:59:44;0:59:40;3580
20;130;201;PEDRO LUIS;QUEVEDO BRAVO;G-M;1:00:27;1:00:27;3627
20;39;202;JOSE;SANCHEZ VICENTE;C-M;0:57:43;0:57:42;3462
20;105;203;ENRIQUE;VARGAS PEREZ;C-M;0:59:55;0:59:55;3595
20;22;204;EMILIO;RAMOS TORRES;F-M;0:56:03;0:56:00;3360
20;119;205;IGNACIO;FRONTIï¿_ï¿__ï¿_ï¿_AN FORSTER;D-M;1:00:13;1:00:08;3608
20;36;206;JOSï¿_ï¿__ï¿_ï¿_ ï¿_Ü_ï¿__NGEL;ACEBES MUï¿_ï¿__ï¿_ï¿_OZ;D-M;0:57:19;0:57:15;3435
20;60;207;Iï¿_ï¿__ï¿_ï¿_IGO;URTARAN MATEO;E-M;0:58:41;0:58:36;3516
20;27;208;ALEX;SOLER MOLINA;D-M;0:56:48;0:56:46;3406
20;1899;209;FRANCISCO JAVIER;ESTEBAN DEL POZO;F-M;1:14:30;1:12:05;4325
20;236;210;JESï¿_ÜÅï¿_S ANTONIO;CAMBRONERO Gï¿_Ü_ï¿__LVEZ;F-M;1:02:19;1:02:14;3734
20;85;211;JOSï¿_ï¿__ï¿_ï¿_ ANTONIO;JIMï¿_ï¿__ï¿_ï¿_NEZ GARCï¿_Ü_ï¿__A;F-M;0:59:24;0:59:20;3560
20;957;212;ENRIQUE;ROMERO PERALES;C-M;1:08:54;1:08:24;4104
20;21;213;DAVID;AGUILAR HUERTAS;E-M;0:56:03;0:56:00;3360
20;89;214;MIGUEL ï¿_Ü_ï¿__NGEL;TORIBIO LUNA;C-M;0:59:32;0:59:25;3565
20;117;216;DAVID;GUILLEN DURAN;C-M;1:00:08;1:00:04;3604
20;137;217;FRANCISCO JAVIER;CAMPOS SALAMANCA;E-M;1:00:35;1:00:32;3632
20;71;218;VICTOR MANUEL;RAFAEL CALDERON;E-M;0:58:59;0:58:56;3536
20;4851;219;GIANCARLO;VOLPATO;G-M;1:27:48;1:19:56;4796
20;1009;222;MANUEL;GATï¿_ï¿__ï¿__N Nï¿_ÜÅï¿_ï¿_ï¿__ï¿_ï¿_EZ;E-M;1:09:09;1:08:09;4089
20;14;223;JORGE;BELINCHON;E-M;0:55:29;0:55:26;3326
20;23;224;ALFONSO ANTONIO;Gï¿_ï¿__ï¿__MEZ RUIZ;F-M;0:56:04;0:56:00;3360
20;64;225;MIGUEL ANGEL;NOCELO ZARATE;F-M;0:58:52;0:58:52;3532
20;50;226;ALBERTO;Sï¿_Ü_ï¿__NCHEZ PANIAGUA;C-M;0:58:14;0:58:12;3492
21,097;2612;104;BORIS;SHVALEV;D-M;1:43:27;1:43:19;6199
21,097;3;105;MARCO;FERREIRA;E-M;1:11:33;1:11:33;4293
21,097;1;106;JUAN JOSE;CRESPO RINCON;E-M;1:10:44;1:10:44;4244
21,097;2;107;CARLOS;CHACON RIFON;F-M;1:11:33;1:11:33;4293
21,097;5;109;ARNAUD;DROUIN;C-M;1:12:04;1:12:02;4322
21,097;57;111;VALENTIN;VIZOSA OLAYA;G-M;1:18:39;1:18:39;4719
21,097;3260;112;CARLOS;AYALA MOYA;C-M;1:47:23;1:46:15;6375
21,097;33;113;DAVID;PEREZ SERRANO;C-M;1:16:42;1:16:42;4602
21,097;21;114;NOUREDDINE;DIDI;D-M;1:15:20;1:15:19;4519
21,097;15;115;UNAI;Sï¿_Ü_ï¿__ENZ DE LA FUENTE;E-M;1:14:46;1:14:39;4479
21,097;109;116;ESTEBAN;SANCHEZ JIMENEZ;C-M;1:20:31;1:20:25;4825
21,097;14;117;MANUEL;GRIï¿_ï¿__ï¿_ï¿_AN CARAVACA;F-M;1:14:18;1:14:17;4457
21,097;7;118;JORGE;CAMPOS PIZARRO;E-M;1:12:50;1:12:48;4368
21,097;10;119;ANTONIO JESUS;Iï¿_ï¿__ï¿_ï¿_IGO ROMERA;E-M;1:13:34;1:13:34;4414
21,097;16;120;SANTIAGO MIGUEL;PATIï¿_ï¿__ï¿_ï¿_O CARRERAS;D-M;1:14:47;1:14:47;4487
21,097;103;121;MIRCEA MARIAN;SACARA;E-M;1:20:20;1:20:19;4819
21,097;8;122;ADIL;ABACHAD;E-M;1:12:58;1:12:58;4378
21,097;23;123;VICTOR MANUEL;GARCIA MARTIN;F-M;1:15:35;1:15:34;4534
21,097;72;124;DANIEL;JIMENEZ PEREZ;D-M;1:19:13;1:19:13;4753
21,097;111;125;MANUEL;GONZALEZ VALLEJO;F-M;1:20:32;1:20:27;4827
21,097;11;126;JULIO;DE PABLOS DE PRADOS;D-M;1:13:35;1:13:31;4411
21,097;25;127;SERGIO;OLMEDO MARCOS;E-M;1:16:12;1:16:11;4571
21,097;55;128;RICARDO;SANCHEZ PUERTAS;E-M;1:18:37;1:18:32;4712
21,097;54;129;ALBERTO;MARTIN ARTEAGA;C-M;1:18:18;1:18:12;4692
21,097;59;130;DAVID;ISABEL LLORENTE;E-M;1:18:42;1:18:38;4718
21,097;35;131;DANIEL;MORERA NAVARRO;C-M;1:17:05;1:17:05;4625
21,097;28;132;RAï¿_ÜÅï¿_L;FERIA RASTROJO;D-M;1:16:30;1:16:27;4587
21,097;95;134;FERNANDO;DIEZ COMENDEZ;D-M;1:20:01;1:19:59;4799
21,097;3606;135;FRANCISCO JOSE;PRIETO SALCEDO;E-M;1:49:37;1:49:29;6569
21,097;6;136;FABIEN;GUERINEAU;C-M;1:12:47;1:12:46;4366
21,097;38;137;DAVID;SANTOVEï¿_ï¿__ï¿_ï¿_A CRESPO;E-M;1:17:20;1:17:17;4637
21,097;31;139;JUAN ANTONIO;RAMOS MUï¿_ï¿__ï¿_ï¿_OZ;F-M;1:16:33;1:16:32;4592
21,097;4;141;CARLOS ENRIQUE;GONZALEZ CASTILLEJOS;E-M;1:11:33;1:11:33;4293
21,097;17;143;MIGUEL ï¿_Ü_ï¿__NGEL;Lï¿_ï¿__ï¿__PEZ CALONGE;D-M;1:14:49;1:14:46;4486
21,097;633;144;JESUS ANGEL;SAHAGUN MERINO;F-M;1:29:27;1:29:22;5362
21,097;96;146;JORGE;BENET VILLANUEVA;C-M;1:20:08;1:20:05;4805
21,097;108;147;LUIS FELIPE;Sï¿_Ü_ï¿__NCHEZ BENï¿_Ü_ï¿__TEZ;F-M;1:20:29;1:20:26;4826
21,097;27;148;OSCAR;LOPEZ DE LA CRUZ;F-M;1:16:30;1:16:25;4585
21,097;126;149;JUAN CARLOS;Sï¿_Ü_ï¿__NCHEZ GARCï¿_Ü_ï¿__A;I-M;1:21:05;1:21:05;4865
21,097;94;150;ISMAEL;JIMENEZ RUIZ;D-M;1:20:01;1:19:59;4799
21,097;147;152;JOSE MARIA;GONZALEZ MUï¿_ï¿__ï¿_ï¿_OZ;G-M;1:21:38;1:21:36;4896
21,097;34;154;LUIS MIGUEL;PASCUAL CUESTA;F-M;1:16:44;1:16:43;4603
21,097;548;156;JUAN JOSE;PINTO MARTINEZ;D-M;1:28:07;1:28:03;5283
21,097;44;158;RAï¿_ÜÅï¿_L;VALBUENA BERRIO;D-M;1:17:40;1:17:35;4655
21,097;99;159;OSCAR;SANCHEZ CANOSA;C-M;1:20:17;1:20:16;4816
21,097;114;160;DAVID;MARTINEZ DOMINGO;E-M;1:20:38;1:20:35;4835
21,097;9;161;EDUARDO;MECA SOTO;E-M;1:13:05;1:13:05;4385
21,097;104;162;TONI;MARTIN BRAVO;F-M;1:20:21;1:20:21;4821
21,097;32;163;ANTONIO;CONTESTï¿_Ü_ï¿__ COLL;F-M;1:16:35;1:16:32;4592
21,097;48;164;ANTï¿_ï¿__ï¿__NIO;SOUSA;F-M;1:17:51;1:17:51;4671
21,097;1309;166;GEOFFREY;SAMOYEAU;C-M;1:35:48;1:35:45;5745
21,097;29;167;ARMAND;IUREA;C-M;1:16:31;1:16:25;4585
21,097;124;168;ALEJANDRO;Gï¿_ï¿__ï¿__MEZ SERNA;D-M;1:21:01;1:20:57;4857
21,097;531;169;PAOLO;MERZARIO;E-M;1:27:50;1:27:48;5268
21,097;502;170;DAVID;CORZO MANCEBO;D-M;1:27:29;1:27:26;5246
21,097;51;171;PEDRO;DUQUE DE PABLO;F-M;1:18:03;1:18:01;4681
21,097;879;172;DAVID;SANCHEZ SABARTES;C-M;1:31:21;1:30:39;5439
21,097;92;174;MARQUET;JORDAN;C-M;1:19:56;1:19:54;4794
21,097;5850;176;PEDRO;DIAZ SALGADO;G-M;2:01:25;1:57:47;7067
21,097;78;177;JORGE;CALLEJO DEL GRADO;C-M;1:19:22;1:19:16;4756
21,097;41;178;CESAR;COLMENAREJO GRANDE;C-M;1:17:34;1:17:33;4653
21,097;101;179;IBAN;IRIARTE ARGAIA;C-M;1:20:19;1:20:18;4818
21,097;30;181;IGNACIO;HARO HERNANDEZ;E-M;1:16:33;1:16:32;4592
21,097;279;182;SAMUEL;M.GARCIA;D-M;1:23:50;1:23:45;5025
21,097;63;183;YURIY;KLYMKO;D-M;1:18:50;1:18:48;4728
21,097;657;184;FRANCISCO;MENSEGAR FERNANDEZ;F-M;1:29:43;1:29:40;5380
21,097;459;185;IGNACIO;LAZARO LLORENTE;F-M;1:26:39;1:26:33;5193
21,097;87;186;JAVIER;MARTIN SANTOS;C-M;1:19:46;1:19:42;4782
21,097;45;188;FRANCISCO JAVIER;MARTï¿_Ü_ï¿__N DE LA FUENTE;F-M;1:17:42;1:17:40;4660
21,097;67;189;CARLOS;OVEJERO FERNANDEZ;E-M;1:18:57;1:18:57;4737
21,097;4389;190;MANUEL FRANCISCO;CASAS RAMOS;C-M;1:53:48;1:46:21;6381
21,097;65;191;ADRIï¿_Ü_ï¿__N ERONï¿_Ü_ï¿__MEDES;BARBA;B-M;1:18:54;1:18:53;4733
21,097;110;193;MANUEL;CASAS HERRERO;D-M;1:20:31;1:20:30;4830
21,097;102;195;JOSE ANTONIO;GUTIERREZ PEREZ;F-M;1:20:20;1:20:18;4818
21,097;66;196;TOMAS;FARIï¿_ï¿__ï¿_ï¿_AS FERNANDEZ;E-M;1:18:57;1:18:55;4735
21,097;444;197;MYKOLA;VIKHTIUK;D-M;1:26:20;1:26:16;5176
21,097;85;198;DANIEL;RUIZ FRONTï¿_ï¿__ï¿__N;D-M;1:19:42;1:19:39;4779
21,097;93;199;FRANCISCO JAVIER;RAMOS MARTINEZ;D-M;1:19:58;1:19:53;4793
21,097;145;201;PEDRO LUIS;QUEVEDO BRAVO;G-M;1:21:38;1:21:38;4898
21,097;40;202;JOSE;SANCHEZ VICENTE;C-M;1:17:23;1:17:22;4642
21,097;89;203;ENRIQUE;VARGAS PEREZ;C-M;1:19:48;1:19:48;4788
21,097;20;204;EMILIO;RAMOS TORRES;F-M;1:15:00;1:14:57;4497
21,097;130;205;IGNACIO;FRONTIï¿_ï¿__ï¿_ï¿_AN FORSTER;D-M;1:21:08;1:21:03;4863
21,097;39;206;JOSï¿_ï¿__ï¿_ï¿_ ï¿_Ü_ï¿__NGEL;ACEBES MUï¿_ï¿__ï¿_ï¿_OZ;D-M;1:17:20;1:17:16;4636
21,097;58;207;Iï¿_ï¿__ï¿_ï¿_IGO;URTARAN MATEO;E-M;1:18:41;1:18:37;4717
21,097;24;208;ALEX;SOLER MOLINA;D-M;1:16:00;1:15:58;4558
21,097;1851;209;FRANCISCO JAVIER;ESTEBAN DEL POZO;F-M;1:39:01;1:36:36;5796
21,097;281;210;JESï¿_ÜÅï¿_S ANTONIO;CAMBRONERO Gï¿_Ü_ï¿__LVEZ;F-M;1:23:50;1:23:46;5026
21,097;81;211;JOSï¿_ï¿__ï¿_ï¿_ ANTONIO;JIMï¿_ï¿__ï¿_ï¿_NEZ GARCï¿_Ü_ï¿__A;F-M;1:19:31;1:19:28;4768
21,097;1038;212;ENRIQUE;ROMERO PERALES;C-M;1:33:08;1:32:38;5558
21,097;18;213;DAVID;AGUILAR HUERTAS;E-M;1:14:53;1:14:49;4489
21,097;83;214;MIGUEL ï¿_Ü_ï¿__NGEL;TORIBIO LUNA;C-M;1:19:38;1:19:31;4771
21,097;116;216;DAVID;GUILLEN DURAN;C-M;1:20:51;1:20:46;4846
21,097;125;217;FRANCISCO JAVIER;CAMPOS SALAMANCA;E-M;1:21:01;1:20:58;4858
21,097;64;218;VICTOR MANUEL;RAFAEL CALDERON;E-M;1:18:52;1:18:48;4728
21,097;4560;219;GIANCARLO;VOLPATO;G-M;1:54:47;1:46:55;6415
21,097;899;222;MANUEL;GATï¿_ï¿__ï¿__N Nï¿_ÜÅï¿_ï¿_ï¿__ï¿_ï¿_EZ;E-M;1:31:33;1:30:33;5433
21,097;12;223;JORGE;BELINCHON;E-M;1:13:45;1:13:42;4422
21,097;19;224;ALFONSO ANTONIO;Gï¿_ï¿__ï¿__MEZ RUIZ;F-M;1:15:00;1:14:56;4496
21,097;61;225;MIGUEL ANGEL;NOCELO ZARATE;F-M;1:18:47;1:18:47;4727
21,097;47;226;ALBERTO;Sï¿_Ü_ï¿__NCHEZ PANIAGUA;C-M;1:17:51;1:17:49;4669
25;2754;104;BORIS;SHVALEV;D-M;1:49:45;1:49:37;6577
25;3;105;MARCO;FERREIRA;E-M;1:15:23;1:15:23;4523
25;1;106;JUAN JOSE;CRESPO RINCON;E-M;1:14:30;1:14:30;4470
25;2;107;CARLOS;CHACON RIFON;F-M;1:15:23;1:15:23;4523
25;5;109;ARNAUD;DROUIN;C-M;1:16:07;1:16:04;4564
25;56;111;VALENTIN;VIZOSA OLAYA;G-M;1:22:51;1:22:51;4971
25;3297;112;CARLOS;AYALA MOYA;C-M;1:53:00;1:51:53;6713
25;33;113;DAVID;PEREZ SERRANO;C-M;1:20:49;1:20:49;4849
25;21;114;NOUREDDINE;DIDI;D-M;1:19:32;1:19:31;4771
25;15;115;UNAI;Sï¿_Ü_ï¿__ENZ DE LA FUENTE;E-M;1:18:45;1:18:39;4719
25;107;116;ESTEBAN;SANCHEZ JIMENEZ;C-M;1:24:53;1:24:47;5087
25;14;117;MANUEL;GRIï¿_ï¿__ï¿_ï¿_AN CARAVACA;F-M;1:18:20;1:18:19;4699
25;7;118;JORGE;CAMPOS PIZARRO;E-M;1:16:48;1:16:47;4607
25;12;119;ANTONIO JESUS;Iï¿_ï¿__ï¿_ï¿_IGO ROMERA;E-M;1:17:31;1:17:31;4651
25;17;120;SANTIAGO MIGUEL;PATIï¿_ï¿__ï¿_ï¿_O CARRERAS;D-M;1:18:47;1:18:47;4727
25;112;121;MIRCEA MARIAN;SACARA;E-M;1:24:56;1:24:54;5094
25;8;122;ADIL;ABACHAD;E-M;1:16:56;1:16:56;4616
25;23;123;VICTOR MANUEL;GARCIA MARTIN;F-M;1:19:36;1:19:36;4776
25;72;124;DANIEL;JIMENEZ PEREZ;D-M;1:23:23;1:23:23;5003
25;110;125;MANUEL;GONZALEZ VALLEJO;F-M;1:24:55;1:24:49;5089
25;10;126;JULIO;DE PABLOS DE PRADOS;D-M;1:17:30;1:17:26;4646
25;25;127;SERGIO;OLMEDO MARCOS;E-M;1:20:18;1:20:17;4817
25;55;128;RICARDO;SANCHEZ PUERTAS;E-M;1:22:43;1:22:37;4957
25;54;129;ALBERTO;MARTIN ARTEAGA;C-M;1:22:25;1:22:18;4938
25;62;130;DAVID;ISABEL LLORENTE;E-M;1:23:03;1:22:59;4979
25;37;131;DANIEL;MORERA NAVARRO;C-M;1:21:18;1:21:18;4878
25;28;132;RAï¿_ÜÅï¿_L;FERIA RASTROJO;D-M;1:20:34;1:20:31;4831
25;92;134;FERNANDO;DIEZ COMENDEZ;D-M;1:24:14;1:24:12;5052
25;3712;135;FRANCISCO JOSE;PRIETO SALCEDO;E-M;1:55:44;1:55:35;6935
25;6;136;FABIEN;GUERINEAU;C-M;1:16:45;1:16:45;4605
25;40;137;DAVID;SANTOVEï¿_ï¿__ï¿_ï¿_A CRESPO;E-M;1:21:30;1:21:27;4887
25;30;139;JUAN ANTONIO;RAMOS MUï¿_ï¿__ï¿_ï¿_OZ;F-M;1:20:41;1:20:40;4840
25;4;141;CARLOS ENRIQUE;GONZALEZ CASTILLEJOS;E-M;1:15:24;1:15:24;4524
25;18;143;MIGUEL ï¿_Ü_ï¿__NGEL;Lï¿_ï¿__ï¿__PEZ CALONGE;D-M;1:18:48;1:18:45;4725
25;646;144;JESUS ANGEL;SAHAGUN MERINO;F-M;1:34:21;1:34:16;5656
25;97;146;JORGE;BENET VILLANUEVA;C-M;1:24:24;1:24:21;5061
25;106;147;LUIS FELIPE;Sï¿_Ü_ï¿__NCHEZ BENï¿_Ü_ï¿__TEZ;F-M;1:24:49;1:24:46;5086
25;27;148;OSCAR;LOPEZ DE LA CRUZ;F-M;1:20:34;1:20:28;4828
25;127;149;JUAN CARLOS;Sï¿_Ü_ï¿__NCHEZ GARCï¿_Ü_ï¿__A;I-M;1:25:29;1:25:29;5129
25;93;150;ISMAEL;JIMENEZ RUIZ;D-M;1:24:15;1:24:13;5053
25;147;152;JOSE MARIA;GONZALEZ MUï¿_ï¿__ï¿_ï¿_OZ;G-M;1:26:06;1:26:03;5163
25;34;154;LUIS MIGUEL;PASCUAL CUESTA;F-M;1:20:51;1:20:50;4850
25;562;156;JUAN JOSE;PINTO MARTINEZ;D-M;1:33:02;1:32:59;5579
25;43;158;RAï¿_ÜÅï¿_L;VALBUENA BERRIO;D-M;1:21:50;1:21:45;4905
25;102;159;OSCAR;SANCHEZ CANOSA;C-M;1:24:40;1:24:39;5079
25;113;160;DAVID;MARTINEZ DOMINGO;E-M;1:24:56;1:24:53;5093
25;9;161;EDUARDO;MECA SOTO;E-M;1:17:07;1:17:07;4627
25;101;162;TONI;MARTIN BRAVO;F-M;1:24:37;1:24:37;5077
25;31;163;ANTONIO;CONTESTï¿_Ü_ï¿__ COLL;F-M;1:20:41;1:20:38;4838
25;48;164;ANTï¿_ï¿__ï¿__NIO;SOUSA;F-M;1:21:55;1:21:55;4915
25;1336;166;GEOFFREY;SAMOYEAU;C-M;1:41:08;1:41:05;6065
25;29;167;ARMAND;IUREA;C-M;1:20:35;1:20:29;4829
25;124;168;ALEJANDRO;Gï¿_ï¿__ï¿__MEZ SERNA;D-M;1:25:20;1:25:16;5116
25;532;169;PAOLO;MERZARIO;E-M;1:32:32;1:32:30;5550
25;508;170;DAVID;CORZO MANCEBO;D-M;1:32:17;1:32:14;5534
25;53;171;PEDRO;DUQUE DE PABLO;F-M;1:22:24;1:22:22;4942
25;906;172;DAVID;SANCHEZ SABARTES;C-M;1:36:36;1:35:54;5754
25;91;174;MARQUET;JORDAN;C-M;1:24:14;1:24:12;5052
25;6030;176;PEDRO;DIAZ SALGADO;G-M;2:08:05;2:04:28;7468
25;79;177;JORGE;CALLEJO DEL GRADO;C-M;1:23:46;1:23:40;5020
25;41;178;CESAR;COLMENAREJO GRANDE;C-M;1:21:39;1:21:38;4898
25;103;179;IBAN;IRIARTE ARGAIA;C-M;1:24:42;1:24:40;5080
25;32;181;IGNACIO;HARO HERNANDEZ;E-M;1:20:42;1:20:41;4841
25;288;182;SAMUEL;M.GARCIA;D-M;1:28:27;1:28:22;5302
25;64;183;YURIY;KLYMKO;D-M;1:23:09;1:23:08;4988
25;681;184;FRANCISCO;MENSEGAR FERNANDEZ;F-M;1:34:53;1:34:50;5690
25;467;185;IGNACIO;LAZARO LLORENTE;F-M;1:31:25;1:31:19;5479
25;83;186;JAVIER;MARTIN SANTOS;C-M;1:23:52;1:23:47;5027
25;45;188;FRANCISCO JAVIER;MARTï¿_Ü_ï¿__N DE LA FUENTE;F-M;1:21:54;1:21:51;4911
25;69;189;CARLOS;OVEJERO FERNANDEZ;E-M;1:23:13;1:23:13;4993
25;4360;190;MANUEL FRANCISCO;CASAS RAMOS;C-M;1:59:13;1:51:46;6706
25;71;191;ADRIï¿_Ü_ï¿__N ERONï¿_Ü_ï¿__MEDES;BARBA;B-M;1:23:18;1:23:16;4996
25;108;193;MANUEL;CASAS HERRERO;D-M;1:24:54;1:24:52;5092
25;111;195;JOSE ANTONIO;GUTIERREZ PEREZ;F-M;1:24:56;1:24:54;5094
25;67;196;TOMAS;FARIï¿_ï¿__ï¿_ï¿_AS FERNANDEZ;E-M;1:23:12;1:23:10;4990
25;452;197;MYKOLA;VIKHTIUK;D-M;1:31:06;1:31:02;5462
25;88;198;DANIEL;RUIZ FRONTï¿_ï¿__ï¿__N;D-M;1:23:59;1:23:55;5035
25;95;199;FRANCISCO JAVIER;RAMOS MARTINEZ;D-M;1:24:16;1:24:12;5052
25;142;201;PEDRO LUIS;QUEVEDO BRAVO;G-M;1:26:01;1:26:01;5161
25;38;202;JOSE;SANCHEZ VICENTE;C-M;1:21:26;1:21:25;4885
25;85;203;ENRIQUE;VARGAS PEREZ;C-M;1:23:53;1:23:53;5033
25;20;204;EMILIO;RAMOS TORRES;F-M;1:19:06;1:19:03;4743
25;131;205;IGNACIO;FRONTIï¿_ï¿__ï¿_ï¿_AN FORSTER;D-M;1:25:37;1:25:32;5132
25;39;206;JOSï¿_ï¿__ï¿_ï¿_ ï¿_Ü_ï¿__NGEL;ACEBES MUï¿_ï¿__ï¿_ï¿_OZ;D-M;1:21:29;1:21:25;4885
25;59;207;Iï¿_ï¿__ï¿_ï¿_IGO;URTARAN MATEO;E-M;1:22:59;1:22:54;4974
25;24;208;ALEX;SOLER MOLINA;D-M;1:20:07;1:20:05;4805
25;1828;209;FRANCISCO JAVIER;ESTEBAN DEL POZO;F-M;1:43:54;1:41:29;6089
25;282;210;JESï¿_ÜÅï¿_S ANTONIO;CAMBRONERO Gï¿_Ü_ï¿__LVEZ;F-M;1:28:25;1:28:20;5300
25;80;211;JOSï¿_ï¿__ï¿_ï¿_ ANTONIO;JIMï¿_ï¿__ï¿_ï¿_NEZ GARCï¿_Ü_ï¿__A;F-M;1:23:46;1:23:42;5022
25;1053;212;ENRIQUE;ROMERO PERALES;C-M;1:38:20;1:37:50;5870
25;16;213;DAVID;AGUILAR HUERTAS;E-M;1:18:46;1:18:42;4722
25;84;214;MIGUEL ï¿_Ü_ï¿__NGEL;TORIBIO LUNA;C-M;1:23:52;1:23:45;5025
25;123;216;DAVID;GUILLEN DURAN;C-M;1:25:18;1:25:13;5113
25;125;217;FRANCISCO JAVIER;CAMPOS SALAMANCA;E-M;1:25:20;1:25:17;5117
25;63;218;VICTOR MANUEL;RAFAEL CALDERON;E-M;1:23:04;1:23:01;4981
25;4584;219;GIANCARLO;VOLPATO;G-M;2:00:27;1:52:35;6755
25;895;222;MANUEL;GATï¿_ï¿__ï¿__N Nï¿_ÜÅï¿_ï¿_ï¿__ï¿_ï¿_EZ;E-M;1:36:25;1:35:24;5724
25;11;223;JORGE;BELINCHON;E-M;1:17:30;1:17:27;4647
25;19;224;ALFONSO ANTONIO;Gï¿_ï¿__ï¿__MEZ RUIZ;F-M;1:19:06;1:19:02;4742
25;60;225;MIGUEL ANGEL;NOCELO ZARATE;F-M;1:23:00;1:23:00;4980
25;50;226;ALBERTO;Sï¿_Ü_ï¿__NCHEZ PANIAGUA;C-M;1:21:58;1:21:56;4916
30;3242;104;BORIS;SHVALEV;D-M;2:13:38;2:13:30;8010
30;2;105;MARCO;FERREIRA;E-M;1:29:37;1:29:37;5377
30;1;106;JUAN JOSE;CRESPO RINCON;E-M;1:28:13;1:28:13;5293
30;3;107;CARLOS;CHACON RIFON;F-M;1:29:37;1:29:37;5377
30;5;109;ARNAUD;DROUIN;C-M;1:30:22;1:30:19;5419
30;72;111;VALENTIN;VIZOSA OLAYA;G-M;1:38:38;1:38:38;5918
30;3248;112;CARLOS;AYALA MOYA;C-M;2:13:41;2:12:33;7953
30;32;113;DAVID;PEREZ SERRANO;C-M;1:35:42;1:35:42;5742
30;22;114;NOUREDDINE;DIDI;D-M;1:34:58;1:34:57;5697
30;106;116;ESTEBAN;SANCHEZ JIMENEZ;C-M;1:40:37;1:40:31;6031
30;14;117;MANUEL;GRIï¿_ï¿__ï¿_ï¿_AN CARAVACA;F-M;1:32:57;1:32:56;5576
30;6;118;JORGE;CAMPOS PIZARRO;E-M;1:31:12;1:31:11;5471
30;13;119;ANTONIO JESUS;Iï¿_ï¿__ï¿_ï¿_IGO ROMERA;E-M;1:31:51;1:31:51;5511
30;16;120;SANTIAGO MIGUEL;PATIï¿_ï¿__ï¿_ï¿_O CARRERAS;D-M;1:33:08;1:33:08;5588
30;99;121;MIRCEA MARIAN;SACARA;E-M;1:40:33;1:40:32;6032
30;8;122;ADIL;ABACHAD;E-M;1:31:25;1:31:25;5485
30;20;123;VICTOR MANUEL;GARCIA MARTIN;F-M;1:34:29;1:34:28;5668
30;65;124;DANIEL;JIMENEZ PEREZ;D-M;1:38:32;1:38:32;5912
30;107;125;MANUEL;GONZALEZ VALLEJO;F-M;1:40:38;1:40:32;6032
30;11;126;JULIO;DE PABLOS DE PRADOS;D-M;1:31:39;1:31:35;5495
30;23;127;SERGIO;OLMEDO MARCOS;E-M;1:35:13;1:35:12;5712
30;53;128;RICARDO;SANCHEZ PUERTAS;E-M;1:37:46;1:37:40;5860
30;50;129;ALBERTO;MARTIN ARTEAGA;C-M;1:37:25;1:37:19;5839
30;75;130;DAVID;ISABEL LLORENTE;E-M;1:38:55;1:38:51;5931
30;39;131;DANIEL;MORERA NAVARRO;C-M;1:36:42;1:36:42;5802
30;26;132;RAï¿_ÜÅï¿_L;FERIA RASTROJO;D-M;1:35:24;1:35:21;5721
30;81;134;FERNANDO;DIEZ COMENDEZ;D-M;1:39:22;1:39:20;5960
30;4255;135;FRANCISCO JOSE;PRIETO SALCEDO;E-M;2:20:30;2:20:21;8421
30;9;136;FABIEN;GUERINEAU;C-M;1:31:28;1:31:28;5488
30;38;137;DAVID;SANTOVEï¿_ï¿__ï¿_ï¿_A CRESPO;E-M;1:36:35;1:36:32;5792
30;29;139;JUAN ANTONIO;RAMOS MUï¿_ï¿__ï¿_ï¿_OZ;F-M;1:35:36;1:35:36;5736
30;4;141;CARLOS ENRIQUE;GONZALEZ CASTILLEJOS;E-M;1:29:37;1:29:37;5377
30;17;143;MIGUEL ï¿_Ü_ï¿__NGEL;Lï¿_ï¿__ï¿__PEZ CALONGE;D-M;1:33:27;1:33:24;5604
30;647;144;JESUS ANGEL;SAHAGUN MERINO;F-M;1:52:04;1:51:59;6719
30;82;146;JORGE;BENET VILLANUEVA;C-M;1:39:25;1:39:21;5961
30;154;147;LUIS FELIPE;Sï¿_Ü_ï¿__NCHEZ BENï¿_Ü_ï¿__TEZ;F-M;1:42:33;1:42:30;6150
30;28;148;OSCAR;LOPEZ DE LA CRUZ;F-M;1:35:24;1:35:19;5719
30;131;149;JUAN CARLOS;Sï¿_Ü_ï¿__NCHEZ GARCï¿_Ü_ï¿__A;I-M;1:42:00;1:42:00;6120
30;91;150;ISMAEL;JIMENEZ RUIZ;D-M;1:40:04;1:40:02;6002
30;148;152;JOSE MARIA;GONZALEZ MUï¿_ï¿__ï¿_ï¿_OZ;G-M;1:42:17;1:42:15;6135
30;31;154;LUIS MIGUEL;PASCUAL CUESTA;F-M;1:35:41;1:35:41;5741
30;585;156;JUAN JOSE;PINTO MARTINEZ;D-M;1:50:55;1:50:51;6651
30;41;158;RAï¿_ÜÅï¿_L;VALBUENA BERRIO;D-M;1:36:44;1:36:39;5799
30;115;159;OSCAR;SANCHEZ CANOSA;C-M;1:41:03;1:41:03;6063
30;102;160;DAVID;MARTINEZ DOMINGO;E-M;1:40:34;1:40:31;6031
30;10;161;EDUARDO;MECA SOTO;E-M;1:31:36;1:31:36;5496
30;95;162;TONI;MARTIN BRAVO;F-M;1:40:18;1:40:18;6018
30;30;163;ANTONIO;CONTESTï¿_Ü_ï¿__ COLL;F-M;1:35:36;1:35:34;5734
30;45;164;ANTï¿_ï¿__ï¿__NIO;SOUSA;F-M;1:36:59;1:36:59;5819
30;1521;166;GEOFFREY;SAMOYEAU;C-M;2:01:16;2:01:13;7273
30;27;167;ARMAND;IUREA;C-M;1:35:24;1:35:18;5718
30;117;168;ALEJANDRO;Gï¿_ï¿__ï¿__MEZ SERNA;D-M;1:41:14;1:41:11;6071
30;507;169;PAOLO;MERZARIO;E-M;1:49:39;1:49:37;6577
30;558;170;DAVID;CORZO MANCEBO;D-M;1:50:22;1:50:19;6619
30;64;171;PEDRO;DUQUE DE PABLO;F-M;1:38:30;1:38:28;5908
30;967;172;DAVID;SANCHEZ SABARTES;C-M;1:55:51;1:55:09;6909
30;88;174;MARQUET;JORDAN;C-M;1:39:45;1:39:43;5983
30;986;175;ADOLFO;ARCICOLLAR BLANCO;E-M;1:56:12;1:56:12;6972
30;6035;176;PEDRO;DIAZ SALGADO;G-M;2:31:16;2:27:39;8859
30;86;177;JORGE;CALLEJO DEL GRADO;C-M;1:39:41;1:39:35;5975
30;43;178;CESAR;COLMENAREJO GRANDE;C-M;1:36:54;1:36:53;5813
30;100;179;IBAN;IRIARTE ARGAIA;C-M;1:40:34;1:40:32;6032
30;33;181;IGNACIO;HARO HERNANDEZ;E-M;1:35:52;1:35:51;5751
30;309;182;SAMUEL;M.GARCIA;D-M;1:45:19;1:45:14;6314
30;76;183;YURIY;KLYMKO;D-M;1:39:07;1:39:05;5945
30;876;184;FRANCISCO;MENSEGAR FERNANDEZ;F-M;1:54:29;1:54:26;6866
30;441;185;IGNACIO;LAZARO LLORENTE;F-M;1:48:14;1:48:09;6489
30;67;186;JAVIER;MARTIN SANTOS;C-M;1:38:36;1:38:31;5911
30;49;188;FRANCISCO JAVIER;MARTï¿_Ü_ï¿__N DE LA FUENTE;F-M;1:37:13;1:37:11;5831
30;58;189;CARLOS;OVEJERO FERNANDEZ;E-M;1:38:27;1:38:27;5907
30;4026;190;MANUEL FRANCISCO;CASAS RAMOS;C-M;2:19:08;2:11:42;7902
30;118;191;ADRIï¿_Ü_ï¿__N ERONï¿_Ü_ï¿__MEDES;BARBA;B-M;1:41:17;1:41:16;6076
30;101;193;MANUEL;CASAS HERRERO;D-M;1:40:34;1:40:32;6032
30;98;195;JOSE ANTONIO;GUTIERREZ PEREZ;F-M;1:40:33;1:40:31;6031
30;57;196;TOMAS;FARIï¿_ï¿__ï¿_ï¿_AS FERNANDEZ;E-M;1:38:26;1:38:25;5905
30;466;197;MYKOLA;VIKHTIUK;D-M;1:48:46;1:48:42;6522
30;89;198;DANIEL;RUIZ FRONTï¿_ï¿__ï¿__N;D-M;1:39:53;1:39:49;5989
30;96;199;FRANCISCO JAVIER;RAMOS MARTINEZ;D-M;1:40:27;1:40:23;6023
30;143;201;PEDRO LUIS;QUEVEDO BRAVO;G-M;1:42:12;1:42:12;6132
30;37;202;JOSE;SANCHEZ VICENTE;C-M;1:36:33;1:36:32;5792
30;68;203;ENRIQUE;VARGAS PEREZ;C-M;1:38:36;1:38:36;5916
30;19;204;EMILIO;RAMOS TORRES;F-M;1:33:46;1:33:43;5623
30;130;205;IGNACIO;FRONTIï¿_ï¿__ï¿_ï¿_AN FORSTER;D-M;1:41:47;1:41:43;6103
30;36;206;JOSï¿_ï¿__ï¿_ï¿_ ï¿_Ü_ï¿__NGEL;ACEBES MUï¿_ï¿__ï¿_ï¿_OZ;D-M;1:36:32;1:36:28;5788
30;62;207;Iï¿_ï¿__ï¿_ï¿_IGO;URTARAN MATEO;E-M;1:38:28;1:38:23;5903
30;24;208;ALEX;SOLER MOLINA;D-M;1:35:15;1:35:13;5713
30;1579;209;FRANCISCO JAVIER;ESTEBAN DEL POZO;F-M;2:01:36;1:59:11;7151
30;289;210;JESï¿_ÜÅï¿_S ANTONIO;CAMBRONERO Gï¿_Ü_ï¿__LVEZ;F-M;1:45:08;1:45:04;6304
30;78;211;JOSï¿_ï¿__ï¿_ï¿_ ANTONIO;JIMï¿_ï¿__ï¿_ï¿_NEZ GARCï¿_Ü_ï¿__A;F-M;1:39:09;1:39:05;5945
30;1101;212;ENRIQUE;ROMERO PERALES;C-M;1:57:24;1:56:55;7015
30;15;213;DAVID;AGUILAR HUERTAS;E-M;1:33:02;1:32:59;5579
30;80;214;MIGUEL ï¿_Ü_ï¿__NGEL;TORIBIO LUNA;C-M;1:39:17;1:39:09;5949
30;126;216;DAVID;GUILLEN DURAN;C-M;1:41:42;1:41:37;6097
30;119;217;FRANCISCO JAVIER;CAMPOS SALAMANCA;E-M;1:41:21;1:41:18;6078
30;56;218;VICTOR MANUEL;RAFAEL CALDERON;E-M;1:38:23;1:38:19;5899
30;4376;219;GIANCARLO;VOLPATO;G-M;2:21:11;2:13:19;7999
30;850;222;MANUEL;GATï¿_ï¿__ï¿__N Nï¿_ÜÅï¿_ï¿_ï¿__ï¿_ï¿_EZ;E-M;1:54:03;1:53:03;6783
30;7;223;JORGE;BELINCHON;E-M;1:31:16;1:31:13;5473
30;18;224;ALFONSO ANTONIO;Gï¿_ï¿__ï¿__MEZ RUIZ;F-M;1:33:46;1:33:42;5622
30;66;225;MIGUEL ANGEL;NOCELO ZARATE;F-M;1:38:35;1:38:35;5915
30;47;226;ALBERTO;Sï¿_Ü_ï¿__NCHEZ PANIAGUA;C-M;1:37:13;1:37:11;5831
35;4130;104;BORIS;SHVALEV;D-M;2:49:12;2:49:03;10143
35;3;105;MARCO;FERREIRA;E-M;1:48:12;1:48:12;6492
35;2;105;MARCO;FERREIRA;E-M;2:06:36;2:06:36;7596
35;1;106;JUAN JOSE;CRESPO RINCON;E-M;1:46:04;1:46:04;6364
35;1;106;JUAN JOSE;CRESPO RINCON;E-M;2:04:14;2:04:14;7454
35;4;107;CARLOS;CHACON RIFON;F-M;1:48:12;1:48:12;6492
35;5;107;CARLOS;CHACON RIFON;F-M;2:07:30;2:07:30;7650
35;6;109;ARNAUD;DROUIN;C-M;1:49:21;1:49:19;6559
35;6;109;ARNAUD;DROUIN;C-M;2:08:09;2:08:06;7686
35;81;111;VALENTIN;VIZOSA OLAYA;G-M;1:59:36;1:59:36;7176
35;86;111;VALENTIN;VIZOSA OLAYA;G-M;2:21:39;2:21:39;8499
35;3119;112;CARLOS;AYALA MOYA;C-M;2:40:37;2:39:29;9569
35;29;113;DAVID;PEREZ SERRANO;C-M;1:55:15;1:55:15;6915
35;34;113;DAVID;PEREZ SERRANO;C-M;2:15:58;2:15:58;8158
35;45;114;NOUREDDINE;DIDI;D-M;1:57:14;1:57:13;7033
35;159;114;NOUREDDINE;DIDI;D-M;2:25:56;2:25:55;8755
35;97;116;ESTEBAN;SANCHEZ JIMENEZ;C-M;2:00:59;2:00:53;7253
35;93;116;ESTEBAN;SANCHEZ JIMENEZ;C-M;2:22:16;2:22:10;8530
35;16;117;MANUEL;GRIï¿_ï¿__ï¿_ï¿_AN CARAVACA;F-M;1:52:05;1:52:04;6724
35;16;117;MANUEL;GRIï¿_ï¿__ï¿_ï¿_AN CARAVACA;F-M;2:11:55;2:11:54;7914
35;7;118;JORGE;CAMPOS PIZARRO;E-M;1:50:09;1:50:08;6608
35;7;118;JORGE;CAMPOS PIZARRO;E-M;2:09:46;2:09:45;7785
35;13;119;ANTONIO JESUS;Iï¿_ï¿__ï¿_ï¿_IGO ROMERA;E-M;1:51:39;1:51:39;6699
35;15;119;ANTONIO JESUS;Iï¿_ï¿__ï¿_ï¿_IGO ROMERA;E-M;2:11:35;2:11:35;7895
35;15;120;SANTIAGO MIGUEL;PATIï¿_ï¿__ï¿_ï¿_O CARRERAS;D-M;1:52:03;1:52:03;6723
35;14;120;SANTIAGO MIGUEL;PATIï¿_ï¿__ï¿_ï¿_O CARRERAS;D-M;2:11:08;2:11:08;7868
35;91;121;MIRCEA MARIAN;SACARA;E-M;2:00:51;2:00:50;7250
35;80;121;MIRCEA MARIAN;SACARA;E-M;2:21:24;2:21:23;8483
35;9;122;ADIL;ABACHAD;E-M;1:50:49;1:50:49;6649
35;12;122;ADIL;ABACHAD;E-M;2:11:02;2:11:02;7862
35;21;123;VICTOR MANUEL;GARCIA MARTIN;F-M;1:53:54;1:53:53;6833
35;20;123;VICTOR MANUEL;GARCIA MARTIN;F-M;2:14:20;2:14:19;8059
35;254;124;DANIEL;JIMENEZ PEREZ;D-M;2:06:19;2:06:19;7579
35;405;124;DANIEL;JIMENEZ PEREZ;D-M;2:34:21;2:34:21;9261
35;234;125;MANUEL;GONZALEZ VALLEJO;F-M;2:05:44;2:05:38;7538
35;488;125;MANUEL;GONZALEZ VALLEJO;F-M;2:36:51;2:36:45;9405
35;8;126;JULIO;DE PABLOS DE PRADOS;D-M;1:50:37;1:50:33;6633
35;8;126;JULIO;DE PABLOS DE PRADOS;D-M;2:09:52;2:09:48;7788
35;24;127;SERGIO;OLMEDO MARCOS;E-M;1:54:53;1:54:51;6891
35;21;127;SERGIO;OLMEDO MARCOS;E-M;2:14:30;2:14:29;8069
35;48;128;RICARDO;SANCHEZ PUERTAS;E-M;1:57:36;1:57:31;7051
35;44;128;RICARDO;SANCHEZ PUERTAS;E-M;2:17:38;2:17:32;8252
35;46;129;ALBERTO;MARTIN ARTEAGA;C-M;1:57:17;1:57:11;7031
35;41;129;ALBERTO;MARTIN ARTEAGA;C-M;2:17:24;2:17:17;8237
35;47;131;DANIEL;MORERA NAVARRO;C-M;1:57:33;1:57:33;7053
35;61;131;DANIEL;MORERA NAVARRO;C-M;2:19:10;2:19:10;8350
35;25;132;RAï¿_ÜÅï¿_L;FERIA RASTROJO;D-M;1:55:00;1:54:57;6897
35;26;132;RAï¿_ÜÅï¿_L;FERIA RASTROJO;D-M;2:15:13;2:15:10;8110
35;72;134;FERNANDO;DIEZ COMENDEZ;D-M;1:59:05;1:59:03;7143
35;60;134;FERNANDO;DIEZ COMENDEZ;D-M;2:19:07;2:19:05;8345
35;4080;135;FRANCISCO JOSE;PRIETO SALCEDO;E-M;2:48:45;2:48:36;10116
35;11;136;FABIEN;GUERINEAU;C-M;1:51:17;1:51:17;6677
35;13;136;FABIEN;GUERINEAU;C-M;2:11:02;2:11:02;7862
35;55;137;DAVID;SANTOVEï¿_ï¿__ï¿_ï¿_A CRESPO;E-M;1:58:00;1:57:57;7077
35;89;137;DAVID;SANTOVEï¿_ï¿__ï¿_ï¿_A CRESPO;E-M;2:22:12;2:22:09;8529
35;31;139;JUAN ANTONIO;RAMOS MUï¿_ï¿__ï¿_ï¿_OZ;F-M;1:55:29;1:55:28;6928
35;27;139;JUAN ANTONIO;RAMOS MUï¿_ï¿__ï¿_ï¿_OZ;F-M;2:15:14;2:15:13;8113
35;2;141;CARLOS ENRIQUE;GONZALEZ CASTILLEJOS;E-M;1:48:11;1:48:11;6491
35;3;141;CARLOS ENRIQUE;GONZALEZ CASTILLEJOS;E-M;2:06:54;2:06:54;7614
35;20;143;MIGUEL ï¿_Ü_ï¿__NGEL;Lï¿_ï¿__ï¿__PEZ CALONGE;D-M;1:53:10;1:53:07;6787
35;17;143;MIGUEL ï¿_Ü_ï¿__NGEL;Lï¿_ï¿__ï¿__PEZ CALONGE;D-M;2:12:53;2:12:50;7970
35;659;144;JESUS ANGEL;SAHAGUN MERINO;F-M;2:15:34;2:15:29;8129
35;69;146;JORGE;BENET VILLANUEVA;C-M;1:58:55;1:58:52;7132
35;58;146;JORGE;BENET VILLANUEVA;C-M;2:18:40;2:18:37;8317
35;235;147;LUIS FELIPE;Sï¿_Ü_ï¿__NCHEZ BENï¿_Ü_ï¿__TEZ;F-M;2:05:45;2:05:42;7542
35;299;147;LUIS FELIPE;Sï¿_Ü_ï¿__NCHEZ BENï¿_Ü_ï¿__TEZ;F-M;2:30:23;2:30:20;9020
35;22;148;OSCAR;LOPEZ DE LA CRUZ;F-M;1:54:33;1:54:28;6868
35;19;148;OSCAR;LOPEZ DE LA CRUZ;F-M;2:13:39;2:13:33;8013
35;173;149;JUAN CARLOS;Sï¿_Ü_ï¿__NCHEZ GARCï¿_Ü_ï¿__A;I-M;2:04:40;2:04:40;7480
35;273;149;JUAN CARLOS;Sï¿_Ü_ï¿__NCHEZ GARCï¿_Ü_ï¿__A;I-M;2:29:11;2:29:11;8951
35;102;150;ISMAEL;JIMENEZ RUIZ;D-M;2:01:22;2:01:20;7280
35;106;150;ISMAEL;JIMENEZ RUIZ;D-M;2:23:04;2:23:02;8582
35;135;152;JOSE MARIA;GONZALEZ MUï¿_ï¿__ï¿_ï¿_OZ;G-M;2:03:29;2:03:27;7407
35;131;152;JOSE MARIA;GONZALEZ MUï¿_ï¿__ï¿_ï¿_OZ;G-M;2:24:57;2:24:55;8695
35;30;154;LUIS MIGUEL;PASCUAL CUESTA;F-M;1:55:16;1:55:15;6915
35;35;154;LUIS MIGUEL;PASCUAL CUESTA;F-M;2:15:58;2:15:57;8157
35;615;156;JUAN JOSE;PINTO MARTINEZ;D-M;2:15:11;2:15:08;8108
35;35;158;RAï¿_ÜÅï¿_L;VALBUENA BERRIO;D-M;1:55:51;1:55:46;6946
35;25;158;RAï¿_ÜÅï¿_L;VALBUENA BERRIO;D-M;2:14:56;2:14:51;8091
35;132;159;OSCAR;SANCHEZ CANOSA;C-M;2:03:16;2:03:15;7395
35;193;159;OSCAR;SANCHEZ CANOSA;C-M;2:26:39;2:26:39;8799
35;93;160;DAVID;MARTINEZ DOMINGO;E-M;2:00:52;2:00:49;7249
35;95;160;DAVID;MARTINEZ DOMINGO;E-M;2:22:22;2:22:19;8539
35;10;161;EDUARDO;MECA SOTO;E-M;1:51:00;1:51:00;6660
35;11;161;EDUARDO;MECA SOTO;E-M;2:10:54;2:10:54;7854
35;96;162;TONI;MARTIN BRAVO;F-M;2:00:57;2:00:57;7257
35;88;162;TONI;MARTIN BRAVO;F-M;2:21:54;2:21:54;8514
35;26;163;ANTONIO;CONTESTï¿_Ü_ï¿__ COLL;F-M;1:55:02;1:54:59;6899
35;22;163;ANTONIO;CONTESTï¿_Ü_ï¿__ COLL;F-M;2:14:33;2:14:31;8071
35;70;164;ANTï¿_ï¿__ï¿__NIO;SOUSA;F-M;1:58:58;1:58:58;7138
35;104;164;ANTï¿_ï¿__ï¿__NIO;SOUSA;F-M;2:22:44;2:22:44;8564
35;1584;166;GEOFFREY;SAMOYEAU;C-M;2:27:12;2:27:09;8829
35;23;167;ARMAND;IUREA;C-M;1:54:49;1:54:43;6883
35;23;167;ARMAND;IUREA;C-M;2:14:46;2:14:40;8080
35;110;168;ALEJANDRO;Gï¿_ï¿__ï¿__MEZ SERNA;D-M;2:02:00;2:01:56;7316
35;113;168;ALEJANDRO;Gï¿_ï¿__ï¿__MEZ SERNA;D-M;2:23:31;2:23:27;8607
35;442;169;PAOLO;MERZARIO;E-M;2:11:38;2:11:36;7896
35;395;169;PAOLO;MERZARIO;E-M;2:34:00;2:33:58;9238
35;694;170;DAVID;CORZO MANCEBO;D-M;2:16:05;2:16:02;8162
35;80;171;PEDRO;DUQUE DE PABLO;F-M;1:59:35;1:59:33;7173
35;77;171;PEDRO;DUQUE DE PABLO;F-M;2:21:15;2:21:14;8474
35;1233;172;DAVID;SANCHEZ SABARTES;C-M;2:23:58;2:23:15;8595
35;85;174;MARQUET;JORDAN;C-M;2:00:05;2:00:03;7203
35;68;174;MARQUET;JORDAN;C-M;2:20:02;2:19:59;8399
35;960;175;ADOLFO;ARCICOLLAR BLANCO;E-M;2:20:29;2:20:29;8429
35;6094;176;PEDRO;DIAZ SALGADO;G-M;3:04:09;3:00:31;10831
35;101;177;JORGE;CALLEJO DEL GRADO;C-M;2:01:22;2:01:16;7276
35;112;177;JORGE;CALLEJO DEL GRADO;C-M;2:23:28;2:23:22;8602
35;41;178;CESAR;COLMENAREJO GRANDE;C-M;1:56:18;1:56:18;6978
35;30;178;CESAR;COLMENAREJO GRANDE;C-M;2:15:43;2:15:42;8142
35;99;179;IBAN;IRIARTE ARGAIA;C-M;2:01:02;2:01:00;7260
35;94;179;IBAN;IRIARTE ARGAIA;C-M;2:22:20;2:22:19;8539
35;36;181;IGNACIO;HARO HERNANDEZ;E-M;1:55:54;1:55:53;6953
35;36;181;IGNACIO;HARO HERNANDEZ;E-M;2:16:06;2:16:05;8165
35;345;182;SAMUEL;M.GARCIA;D-M;2:08:42;2:08:37;7717
35;327;182;SAMUEL;M.GARCIA;D-M;2:31:40;2:31:35;9095
35;87;183;YURIY;KLYMKO;D-M;2:00:29;2:00:27;7227
35;110;183;YURIY;KLYMKO;D-M;2:23:25;2:23:23;8603
35;1000;184;FRANCISCO;MENSEGAR FERNANDEZ;F-M;2:21:00;2:20:57;8457
35;463;185;IGNACIO;LAZARO LLORENTE;F-M;2:11:59;2:11:54;7914
35;408;185;IGNACIO;LAZARO LLORENTE;F-M;2:34:24;2:34:19;9259
35;52;186;JAVIER;MARTIN SANTOS;C-M;1:57:52;1:57:47;7067
35;39;186;JAVIER;MARTIN SANTOS;C-M;2:16:55;2:16:50;8210
35;49;188;FRANCISCO JAVIER;MARTï¿_Ü_ï¿__N DE LA FUENTE;F-M;1:57:36;1:57:34;7054
35;56;188;FRANCISCO JAVIER;MARTï¿_Ü_ï¿__N DE LA FUENTE;F-M;2:18:18;2:18:15;8295
35;59;189;CARLOS;OVEJERO FERNANDEZ;E-M;1:58:06;1:58:06;7086
35;51;189;CARLOS;OVEJERO FERNANDEZ;E-M;2:17:51;2:17:51;8271
35;3621;190;MANUEL FRANCISCO;CASAS RAMOS;C-M;2:45:14;2:37:47;9467
35;939;191;ADRIï¿_Ü_ï¿__N ERONï¿_Ü_ï¿__MEDES;BARBA;B-M;2:20:14;2:20:12;8412
35;92;193;MANUEL;CASAS HERRERO;D-M;2:00:52;2:00:50;7250
35;81;193;MANUEL;CASAS HERRERO;D-M;2:21:24;2:21:22;8482
35;3436;194;GONZALO;CALLE CABRERA;F-M;2:43:27;2:43:27;9807
35;90;195;JOSE ANTONIO;GUTIERREZ PEREZ;F-M;2:00:51;2:00:50;7250
35;82;195;JOSE ANTONIO;GUTIERREZ PEREZ;F-M;2:21:25;2:21:23;8483
35;57;196;TOMAS;FARIï¿_ï¿__ï¿_ï¿_AS FERNANDEZ;E-M;1:58:06;1:58:04;7084
35;48;196;TOMAS;FARIï¿_ï¿__ï¿_ï¿_AS FERNANDEZ;E-M;2:17:51;2:17:49;8269
35;477;197;MYKOLA;VIKHTIUK;D-M;2:12:22;2:12:18;7938
35;463;197;MYKOLA;VIKHTIUK;D-M;2:36:27;2:36:23;9383
35;112;198;DANIEL;RUIZ FRONTï¿_ï¿__ï¿__N;D-M;2:02:02;2:01:59;7319
35;116;198;DANIEL;RUIZ FRONTï¿_ï¿__ï¿__N;D-M;2:23:50;2:23:46;8626
35;137;199;FRANCISCO JAVIER;RAMOS MARTINEZ;D-M;2:03:31;2:03:27;7407
35;306;199;FRANCISCO JAVIER;RAMOS MARTINEZ;D-M;2:30:39;2:30:34;9034
35;40;202;JOSE;SANCHEZ VICENTE;C-M;1:56:15;1:56:14;6974
35;37;202;JOSE;SANCHEZ VICENTE;C-M;2:16:39;2:16:38;8198
35;53;203;ENRIQUE;VARGAS PEREZ;C-M;1:57:52;1:57:52;7072
35;45;203;ENRIQUE;VARGAS PEREZ;C-M;2:17:38;2:17:38;8258
35;19;204;EMILIO;RAMOS TORRES;F-M;1:53:09;1:53:06;6786
35;18;204;EMILIO;RAMOS TORRES;F-M;2:13:12;2:13:09;7989
35;131;205;IGNACIO;FRONTIï¿_ï¿__ï¿_ï¿_AN FORSTER;D-M;2:03:14;2:03:10;7390
35;137;205;IGNACIO;FRONTIï¿_ï¿__ï¿_ï¿_AN FORSTER;D-M;2:25:15;2:25:10;8710
35;38;206;JOSï¿_ï¿__ï¿_ï¿_ ï¿_Ü_ï¿__NGEL;ACEBES MUï¿_ï¿__ï¿_ï¿_OZ;D-M;1:56:04;1:55:59;6959
35;32;206;JOSï¿_ï¿__ï¿_ï¿_ ï¿_Ü_ï¿__NGEL;ACEBES MUï¿_ï¿__ï¿_ï¿_OZ;D-M;2:15:53;2:15:49;8149
35;58;207;Iï¿_ï¿__ï¿_ï¿_IGO;URTARAN MATEO;E-M;1:58:06;1:58:01;7081
35;50;207;Iï¿_ï¿__ï¿_ï¿_IGO;URTARAN MATEO;E-M;2:17:51;2:17:46;8266
35;32;208;ALEX;SOLER MOLINA;D-M;1:55:31;1:55:29;6929
35;73;208;ALEX;SOLER MOLINA;D-M;2:20:39;2:20:37;8437
35;1320;209;FRANCISCO JAVIER;ESTEBAN DEL POZO;F-M;2:24:59;2:22:34;8554
35;333;210;JESï¿_ÜÅï¿_S ANTONIO;CAMBRONERO Gï¿_Ü_ï¿__LVEZ;F-M;2:08:25;2:08:20;7700
35;78;211;JOSï¿_ï¿__ï¿_ï¿_ ANTONIO;JIMï¿_ï¿__ï¿_ï¿_NEZ GARCï¿_Ü_ï¿__A;F-M;1:59:26;1:59:23;7163
35;67;211;JOSï¿_ï¿__ï¿_ï¿_ ANTONIO;JIMï¿_ï¿__ï¿_ï¿_NEZ GARCï¿_Ü_ï¿__A;F-M;2:19:59;2:19:55;8395
35;1219;212;ENRIQUE;ROMERO PERALES;C-M;2:23:49;2:23:19;8599
35;14;213;DAVID;AGUILAR HUERTAS;E-M;1:51:41;1:51:37;6697
35;9;213;DAVID;AGUILAR HUERTAS;E-M;2:10:28;2:10:24;7824
35;76;214;MIGUEL ï¿_Ü_ï¿__NGEL;TORIBIO LUNA;C-M;1:59:24;1:59:17;7157
35;66;214;MIGUEL ï¿_Ü_ï¿__NGEL;TORIBIO LUNA;C-M;2:19:41;2:19:34;8374
35;167;216;DAVID;GUILLEN DURAN;C-M;2:04:30;2:04:25;7465
35;254;216;DAVID;GUILLEN DURAN;C-M;2:28:45;2:28:41;8921
35;149;217;FRANCISCO JAVIER;CAMPOS SALAMANCA;E-M;2:04:04;2:04:01;7441
35;165;217;FRANCISCO JAVIER;CAMPOS SALAMANCA;E-M;2:26:08;2:26:05;8765
35;62;218;VICTOR MANUEL;RAFAEL CALDERON;E-M;1:58:07;1:58:04;7084
35;52;218;VICTOR MANUEL;RAFAEL CALDERON;E-M;2:17:51;2:17:48;8268
35;4041;219;GIANCARLO;VOLPATO;G-M;2:48:25;2:40:34;9634
35;871;222;MANUEL;GATï¿_ï¿__ï¿__N Nï¿_ÜÅï¿_ï¿_ï¿__ï¿_ï¿_EZ;E-M;2:18:43;2:17:42;8262
35;5;223;JORGE;BELINCHON;E-M;1:49:11;1:49:08;6548
35;4;223;JORGE;BELINCHON;E-M;2:07:04;2:07:00;7620
35;18;224;ALFONSO ANTONIO;Gï¿_ï¿__ï¿__MEZ RUIZ;F-M;1:53:09;1:53:06;6786
35;74;225;MIGUEL ANGEL;NOCELO ZARATE;F-M;1:59:13;1:59:13;7153
35;70;225;MIGUEL ANGEL;NOCELO ZARATE;F-M;2:20:18;2:20:18;8418
35;44;226;ALBERTO;Sï¿_Ü_ï¿__NCHEZ PANIAGUA;C-M;1:57:12;1:57:10;7030
40;5081;104;BORIS;SHVALEV;D-M;3:27:34;3:27:25;12445
40;2840;112;CARLOS;AYALA MOYA;C-M;3:06:49;3:05:42;11142
40;3402;135;FRANCISCO JOSE;PRIETO SALCEDO;E-M;3:12:21;3:12:13;11533
40;618;144;JESUS ANGEL;SAHAGUN MERINO;F-M;2:39:31;2:39:26;9566
40;698;156;JUAN JOSE;PINTO MARTINEZ;D-M;2:40:51;2:40:47;9647
40;1475;166;GEOFFREY;SAMOYEAU;C-M;2:52:26;2:52:23;10343
40;872;170;DAVID;CORZO MANCEBO;D-M;2:44:27;2:44:24;9864
40;1531;172;DAVID;SANCHEZ SABARTES;C-M;2:53:02;2:52:20;10340
40;6318;176;PEDRO;DIAZ SALGADO;G-M;3:39:45;3:36:08;12968
40;1157;184;FRANCISCO;MENSEGAR FERNANDEZ;F-M;2:48:56;2:48:53;10133
40;3288;190;MANUEL FRANCISCO;CASAS RAMOS;C-M;3:11:19;3:03:52;11032
40;1544;191;ADRIï¿_Ü_ï¿__N ERONï¿_Ü_ï¿__MEDES;BARBA;B-M;2:53:13;2:53:11;10391
40;3117;194;GONZALO;CALLE CABRERA;F-M;3:09:38;3:09:38;11378
40;1258;209;FRANCISCO JAVIER;ESTEBAN DEL POZO;F-M;2:50:10;2:47:45;10065
40;1449;212;ENRIQUE;ROMERO PERALES;C-M;2:52:07;2:51:37;10297
40;3976;219;GIANCARLO;VOLPATO;G-M;3:17:56;3:10:04;11404
40;915;222;MANUEL;GATï¿_ï¿__ï¿__N Nï¿_ÜÅï¿_ï¿_ï¿__ï¿_ï¿_EZ;E-M;2:45:18;2:44:18;9858
42,195;5506;104;BORIS;SHVALEV;D-M;4:06:13;4:06:05;14765
42,195;2;105;MARCO;FERREIRA;E-M;2:25:18;2:25:18;8718
42,195;1;106;JUAN JOSE;CRESPO RINCON;E-M;2:23:14;2:23:14;7415
42,195;5;109;ARNAUD;DROUIN;C-M;2:27:29;2:27:26;8846
42,195;103;111;VALENTIN;VIZOSA OLAYA;G-M;2:45:46;2:45:46;9946
42,195;2473;112;CARLOS;AYALA MOYA;C-M;3:33:24;3:32:16;12736
42,195;42;113;DAVID;PEREZ SERRANO;C-M;2:38:25;2:38:25;9505
42,195;800;114;NOUREDDINE;DIDI;D-M;3:09:46;3:09:45;11385
42,195;96;116;ESTEBAN;SANCHEZ JIMENEZ;C-M;2:45:19;2:45:13;9913
42,195;14;117;MANUEL;GRIï¿_ï¿__ï¿_ï¿_AN CARAVACA;F-M;2:32:36;2:32:35;9155
42,195;13;118;JORGE;CAMPOS PIZARRO;E-M;2:32:15;2:32:14;9134
42,195;17;119;ANTONIO JESUS;Iï¿_ï¿__ï¿_ï¿_IGO ROMERA;E-M;2:34:18;2:34:18;9258
42,195;11;120;SANTIAGO MIGUEL;PATIï¿_ï¿__ï¿_ï¿_O CARRERAS;D-M;2:31:37;2:31:37;9097
42,195;73;121;MIRCEA MARIAN;SACARA;E-M;2:42:29;2:42:28;9748
42,195;27;122;ADIL;ABACHAD;E-M;2:35:54;2:35:54;9354
42,195;20;123;VICTOR MANUEL;GARCIA MARTIN;F-M;2:34:29;2:34:28;9268
42,195;729;124;DANIEL;JIMENEZ PEREZ;D-M;3:08:03;3:08:03;11283
42,195;597;125;MANUEL;GONZALEZ VALLEJO;F-M;3:05:05;3:05:00;11100
42,195;7;126;JULIO;DE PABLOS DE PRADOS;D-M;2:29:56;2:29:52;8992
42,195;26;127;SERGIO;OLMEDO MARCOS;E-M;2:35:52;2:35:51;9351
42,195;41;128;RICARDO;SANCHEZ PUERTAS;E-M;2:38:17;2:38:12;9492
42,195;36;129;ALBERTO;MARTIN ARTEAGA;C-M;2:38:13;2:38:06;9486
42,195;90;130;DAVID;ISABEL LLORENTE;E-M;2:44:39;2:44:35;9875
42,195;71;131;DANIEL;MORERA NAVARRO;C-M;2:42:25;2:42:25;9745
42,195;31;132;RAï¿_ÜÅï¿_L;FERIA RASTROJO;D-M;2:36:45;2:36:42;9402
42,195;62;134;FERNANDO;DIEZ COMENDEZ;D-M;2:40:29;2:40:27;9627
42,195;2878;135;FRANCISCO JOSE;PRIETO SALCEDO;E-M;3:38:19;3:38:10;13090
42,195;10;136;FABIEN;GUERINEAU;C-M;2:31:24;2:31:23;9083
42,195;109;137;DAVID;SANTOVEï¿_ï¿__ï¿_ï¿_A CRESPO;E-M;2:45:58;2:45:55;9955
42,195;23;139;JUAN ANTONIO;RAMOS MUï¿_ï¿__ï¿_ï¿_OZ;F-M;2:35:32;2:35:32;9332
42,195;4;141;CARLOS ENRIQUE;GONZALEZ CASTILLEJOS;E-M;2:27:00;2:27:00;8820
42,195;16;143;MIGUEL ï¿_Ü_ï¿__NGEL;Lï¿_ï¿__ï¿__PEZ CALONGE;D-M;2:33:49;2:33:46;9226
42,195;554;144;JESUS ANGEL;SAHAGUN MERINO;F-M;3:04:02;3:03:57;11037
42,195;51;146;JORGE;BENET VILLANUEVA;C-M;2:39:23;2:39:20;9560
42,195;328;147;LUIS FELIPE;Sï¿_Ü_ï¿__NCHEZ BENï¿_Ü_ï¿__TEZ;F-M;2:56:14;2:56:11;10571
42,195;15;148;OSCAR;LOPEZ DE LA CRUZ;F-M;2:33:41;2:33:36;9216
42,195;359;149;JUAN CARLOS;Sï¿_Ü_ï¿__NCHEZ GARCï¿_Ü_ï¿__A;I-M;2:57:42;2:57:42;10662
42,195;108;150;ISMAEL;JIMENEZ RUIZ;D-M;2:45:53;2:45:51;9951
42,195;160;152;JOSE MARIA;GONZALEZ MUï¿_ï¿__ï¿_ï¿_OZ;G-M;2:48:26;2:48:24;10104
42,195;43;154;LUIS MIGUEL;PASCUAL CUESTA;F-M;2:38:27;2:38:26;9506
42,195;757;156;JUAN JOSE;PINTO MARTINEZ;D-M;3:08:39;3:08:36;11316
42,195;18;158;RAï¿_ÜÅï¿_L;VALBUENA BERRIO;D-M;2:34:19;2:34:14;9254
42,195;272;159;OSCAR;SANCHEZ CANOSA;C-M;2:53:33;2:53:33;10413
42,195;197;160;DAVID;MARTINEZ DOMINGO;E-M;2:49:38;2:49:35;10175
42,195;12;161;EDUARDO;MECA SOTO;E-M;2:32:08;2:32:08;9128
42,195;89;162;TONI;MARTIN BRAVO;F-M;2:44:38;2:44:38;9878
42,195;19;163;ANTONIO;CONTESTï¿_Ü_ï¿__ COLL;F-M;2:34:28;2:34:25;9265
42,195;145;164;ANTï¿_ï¿__ï¿__NIO;SOUSA;F-M;2:47:54;2:47:54;10074
42,195;1338;166;GEOFFREY;SAMOYEAU;C-M;3:18:47;3:18:44;11924
42,195;24;167;ARMAND;IUREA;C-M;2:35:37;2:35:31;9331
42,195;106;168;ALEJANDRO;Gï¿_ï¿__ï¿__MEZ SERNA;D-M;2:45:51;2:45:48;9948
42,195;356;169;PAOLO;MERZARIO;E-M;2:57:34;2:57:32;10652
42,195;1131;170;DAVID;CORZO MANCEBO;D-M;3:16:00;3:15:57;11757
42,195;79;171;PEDRO;DUQUE DE PABLO;F-M;2:43:17;2:43:15;9795
42,195;1736;172;DAVID;SANCHEZ SABARTES;C-M;3:24:07;3:23:25;12205
42,195;59;174;MARQUET;JORDAN;C-M;2:40:17;2:40:15;9615
42,195;1348;175;ADOLFO;ARCICOLLAR BLANCO;E-M;3:18:54;3:18:54;11934
42,195;6530;176;PEDRO;DIAZ SALGADO;G-M;4:19:27;4:15:50;15350
42,195;129;177;JORGE;CALLEJO DEL GRADO;C-M;2:47:20;2:47:14;10034
42,195;29;178;CESAR;COLMENAREJO GRANDE;C-M;2:36:26;2:36:25;9385
42,195;113;179;IBAN;IRIARTE ARGAIA;C-M;2:46:21;2:46:19;9979
42,195;33;181;IGNACIO;HARO HERNANDEZ;E-M;2:36:55;2:36:54;9414
42,195;286;182;SAMUEL;M.GARCIA;D-M;2:54:33;2:54:28;10468
42,195;140;183;YURIY;KLYMKO;D-M;2:47:40;2:47:38;10058
42,195;1507;184;FRANCISCO;MENSEGAR FERNANDEZ;F-M;3:21:00;3:20:57;12057
42,195;378;185;IGNACIO;LAZARO LLORENTE;F-M;2:58:03;2:57:57;10677
42,195;30;186;JAVIER;MARTIN SANTOS;C-M;2:36:42;2:36:37;9397
42,195;61;188;FRANCISCO JAVIER;MARTï¿_Ü_ï¿__N DE LA FUENTE;F-M;2:40:27;2:40:24;9624
42,195;47;189;CARLOS;OVEJERO FERNANDEZ;E-M;2:38:41;2:38:41;9521
42,195;2994;190;MANUEL FRANCISCO;CASAS RAMOS;C-M;3:39:38;3:32:11;12731
42,195;1955;191;ADRIï¿_Ü_ï¿__N ERONï¿_Ü_ï¿__MEDES;BARBA;B-M;3:27:22;3:27:20;12440
42,195;72;193;MANUEL;CASAS HERRERO;D-M;2:42:29;2:42:27;9747
42,195;2710;194;GONZALO;CALLE CABRERA;F-M;3:36:31;3:36:31;12991
42,195;74;195;JOSE ANTONIO;GUTIERREZ PEREZ;F-M;2:42:29;2:42:28;9748
42,195;39;196;TOMAS;FARIï¿_ï¿__ï¿_ï¿_AS FERNANDEZ;E-M;2:38:16;2:38:15;9495
42,195;466;197;MYKOLA;VIKHTIUK;D-M;3:01:29;3:01:25;10885
42,195;148;198;DANIEL;RUIZ FRONTï¿_ï¿__ï¿__N;D-M;2:47:59;2:47:56;10076
42,195;460;199;FRANCISCO JAVIER;RAMOS MARTINEZ;D-M;3:01:25;3:01:21;10881
42,195;35;202;JOSE;SANCHEZ VICENTE;C-M;2:37:55;2:37:54;9474
42,195;45;203;ENRIQUE;VARGAS PEREZ;C-M;2:38:38;2:38:38;9518
42,195;21;204;EMILIO;RAMOS TORRES;F-M;2:34:30;2:34:27;9267
42,195;152;205;IGNACIO;FRONTIï¿_ï¿__ï¿_ï¿_AN FORSTER;D-M;2:48:14;2:48:09;10089
42,195;25;206;JOSï¿_ï¿__ï¿_ï¿_ ï¿_Ü_ï¿__NGEL;ACEBES MUï¿_ï¿__ï¿_ï¿_OZ;D-M;2:35:48;2:35:43;9343
42,195;40;207;Iï¿_ï¿__ï¿_ï¿_IGO;URTARAN MATEO;E-M;2:38:17;2:38:12;9492
42,195;84;208;ALEX;SOLER MOLINA;D-M;2:44:18;2:44:16;9856
42,195;1296;209;FRANCISCO JAVIER;ESTEBAN DEL POZO;F-M;3:18:01;3:15:36;11736
42,195;68;211;JOSï¿_ï¿__ï¿_ï¿_ ANTONIO;JIMï¿_ï¿__ï¿_ï¿_NEZ GARCï¿_Ü_ï¿__A;F-M;2:41:59;2:41:55;9715
42,195;1720;212;ENRIQUE;ROMERO PERALES;C-M;3:23:54;3:23:24;12204
42,195;8;213;DAVID;AGUILAR HUERTAS;E-M;2:30:43;2:30:39;9039
42,195;63;214;MIGUEL ï¿_Ü_ï¿__NGEL;TORIBIO LUNA;C-M;2:40:46;2:40:39;9639
42,195;298;216;DAVID;GUILLEN DURAN;C-M;2:55:03;2:54:59;10499
42,195;203;217;FRANCISCO JAVIER;CAMPOS SALAMANCA;E-M;2:49:49;2:49:46;10186
42,195;38;218;VICTOR MANUEL;RAFAEL CALDERON;E-M;2:38:16;2:38:13;9493
42,195;4078;219;GIANCARLO;VOLPATO;G-M;3:50:56;3:43:04;13384
42,195;1071;222;MANUEL;GATï¿_ï¿__ï¿__N Nï¿_ÜÅï¿_ï¿_ï¿__ï¿_ï¿_EZ;E-M;3:15:03;3:14:03;11643
42,195;3;223;JORGE;BELINCHON;E-M;2:26:20;2:26:17;8777
42,195;75;225;MIGUEL ANGEL;NOCELO ZARATE;F-M;2:42:41;2:42:41;9761