Oxigen;1;1;1;0,1;0,1;1
Temp;1;1;1;0,1;0,1;1
TrafficJam;1;1;0,1;1
Oxigen;2;2;2;0,1;0,1;1
Temp;2;2;2;0,1;0,1;1
TrafficJam;2;2;0,1;1
Oxigen;3;3;3;0,1;0,1;1
Temp;3;3;3;0,1;0,1;1
TrafficJam;3;3;0,1;1
Oxigen;4;4;4;0,1;0,1;1
Temp;4;4;4;0,1;0,1;1
TrafficJam;4;4;0,1;1
Oxigen;5;5;5;0,1;0,1;1
Temp;5;5;5;0,1;0,1;1
TrafficJam;5;5;0,1;1
Oxigen;6;6;6;0,1;0,1;1
Temp;6;6;6;0,1;0,1;1
TrafficJam;6;6;0,1;1
Oxigen;7;7;7;0,1;0,1;1
Temp;7;7;7;0,1;0,1;1
TrafficJam;7;7;0,1;1
Oxigen;8;8;8;0,1;0,1;1
Temp;8;8;8;0,1;0,1;1
TrafficJam;8;8;0,1;1
Oxigen;9;9;9;0,1;0,1;1
Temp;9;9;9;0,1;0,1;1
TrafficJam;9;9;0,1;1
Oxigen;10;10;10;0,1;0,1;1
Temp;10;10;10;0,1;0,1;1
TrafficJam;10;10;0,1;1
Oxigen;11;11;11;0,1;0,1;1
Temp;11;11;11;0,1;0,1;1
TrafficJam;11;11;0,1;1
Oxigen;12;12;12;0,1;0,1;1
Temp;12;12;12;0,1;0,1;1
TrafficJam;12;12;0,1;1
Oxigen;13;13;13;0,1;0,1;1
Temp;13;13;13;0,1;0,1;1
TrafficJam;13;13;0,1;1
Oxigen;14;14;14;0,1;0,1;1
Temp;14;14;14;0,1;0,1;1
TrafficJam;14;14;0,1;1
Oxigen;15;15;15;0,1;0,1;1
Temp;15;15;15;0,1;0,1;1
TrafficJam;15;15;0,1;1
Oxigen;16;16;16;0,1;0,1;1
Temp;16;16;16;0,1;0,1;1
TrafficJam;16;16;0,1;1
Oxigen;17;17;17;0,1;0,1;1
Temp;17;17;17;0,1;0,1;1
TrafficJam;17;17;0,1;1
Oxigen;18;18;18;0,1;0,1;1
Temp;18;18;18;0,1;0,1;1
TrafficJam;18;18;0,1;1
Oxigen;19;19;19;0,1;0,1;1
Temp;19;19;19;0,1;0,1;1
TrafficJam;19;19;0,1;1
Oxigen;20;20;20;0,1;0,1;1
Temp;20;20;20;0,1;0,1;1
TrafficJam;20;20;0,1;1
Oxigen;21;21;21;0,1;0,1;1
Temp;21;21;21;0,1;0,1;1
TrafficJam;21;21;0,1;1
Oxigen;22;22;22;0,1;0,1;1
Temp;22;22;22;0,1;0,1;1
TrafficJam;22;22;0,1;1
Oxigen;23;23;23;0,1;0,1;1
Temp;23;23;23;0,1;0,1;1
TrafficJam;23;23;0,1;1
Oxigen;24;24;24;0,1;0,1;1
Temp;24;24;24;0,1;0,1;1
TrafficJam;24;24;0,1;1
Oxigen;25;25;25;0,1;0,1;1
Temp;25;25;25;0,1;0,1;1
TrafficJam;25;25;0,1;1
Oxigen;26;26;26;0,1;0,1;1
Temp;26;26;26;0,1;0,1;1
TrafficJam;26;26;0,1;1
Oxigen;27;27;27;0,1;0,1;1
Temp;27;27;27;0,1;0,1;1
TrafficJam;27;27;0,1;1
Oxigen;28;28;28;0,1;0,1;1
Temp;28;28;28;0,1;0,1;1
TrafficJam;28;28;0,1;1
Oxigen;29;29;29;0,1;0,1;1
Temp;29;29;29;0,1;0,1;1
TrafficJam;29;29;0,1;1
Oxigen;30;30;30;0,1;0,1;1
Temp;30;30;30;0,1;0,1;1
TrafficJam;30;30;0,1;1
Oxigen;31;31;31;0,1;0,1;1
Temp;31;31;31;0,1;0,1;1
TrafficJam;31;31;0,1;1
Oxigen;32;32;32;0,1;0,1;1
Temp;32;32;32;0,1;0,1;1
TrafficJam;32;32;0,1;1
Oxigen;33;33;33;0,1;0,1;1
Temp;33;33;33;0,1;0,1;1
TrafficJam;33;33;0,1;1
Oxigen;34;34;34;0,1;0,1;1
Temp;34;34;34;0,1;0,1;1
TrafficJam;34;34;0,1;1
Oxigen;35;35;35;0,1;0,1;1
Temp;35;35;35;0,1;0,1;1
TrafficJam;35;35;0,1;1
Oxigen;36;36;36;0,1;0,1;1
Temp;36;36;36;0,1;0,1;1
TrafficJam;36;36;0,1;1
Oxigen;37;37;37;0,1;0,1;1
Temp;37;37;37;0,1;0,1;1
TrafficJam;37;37;0,1;1
Oxigen;38;38;38;0,1;0,1;1
Temp;38;38;38;0,1;0,1;1
TrafficJam;38;38;0,1;1
Oxigen;39;39;39;0,1;0,1;1
Temp;39;39;39;0,1;0,1;1
TrafficJam;39;39;0,1;1
Oxigen;40;40;40;0,1;0,1;1
Temp;40;40;40;0,1;0,1;1
TrafficJam;40;40;0,1;1
Oxigen;41;41;41;0,1;0,1;1
Temp;41;41;41;0,1;0,1;1
TrafficJam;41;41;0,1;1
Oxigen;42;42;42;0,1;0,1;1
Temp;42;42;42;0,1;0,1;1
TrafficJam;42;42;0,1;1
Oxigen;43;43;43;0,1;0,1;1
Temp;43;43;43;0,1;0,1;1
TrafficJam;43;43;0,1;1
Oxigen;44;44;44;0,1;0,1;1
Temp;44;44;44;0,1;0,1;1
TrafficJam;44;44;0,1;1
Oxigen;45;45;45;0,1;0,1;1
Temp;45;45;45;0,1;0,1;1
TrafficJam;45;45;0,1;1
Oxigen;46;46;46;0,1;0,1;1
Temp;46;46;46;0,1;0,1;1
TrafficJam;46;46;0,1;1
Oxigen;47;47;47;0,1;0,1;1
Temp;47;47;47;0,1;0,1;1
TrafficJam;47;47;0,1;1
Oxigen;48;48;48;0,1;0,1;1
Temp;48;48;48;0,1;0,1;1
TrafficJam;48;48;0,1;1
Oxigen;49;49;49;0,1;0,1;1
Temp;49;49;49;0,1;0,1;1
TrafficJam;49;49;0,1;1
Oxigen;50;50;50;0,1;0,1;1
Temp;50;50;50;0,1;0,1;1
TrafficJam;50;50;0,1;1
Oxigen;51;51;51;0,1;0,1;1
Temp;51;51;51;0,1;0,1;1
TrafficJam;51;51;0,1;1
Oxigen;52;52;52;0,1;0,1;1
Temp;52;52;52;0,1;0,1;1
TrafficJam;52;52;0,1;1
Oxigen;53;53;53;0,1;0,1;1
Temp;53;53;53;0,1;0,1;1
TrafficJam;53;53;0,1;1
Oxigen;54;54;54;0,1;0,1;1
Temp;54;54;54;0,1;0,1;1
TrafficJam;54;54;0,1;1
Oxigen;55;55;55;0,1;0,1;1
Temp;55;55;55;0,1;0,1;1
TrafficJam;55;55;0,1;1
Oxigen;56;56;56;0,1;0,1;1
Temp;56;56;56;0,1;0,1;1
TrafficJam;56;56;0,1;1
Oxigen;57;57;57;0,1;0,1;1
Temp;57;57;57;0,1;0,1;1
TrafficJam;57;57;0,1;1
Oxigen;58;58;58;0,1;0,1;1
Temp;58;58;58;0,1;0,1;1
TrafficJam;58;58;0,1;1
Oxigen;59;59;59;0,1;0,1;1
Temp;59;59;59;0,1;0,1;1
TrafficJam;59;59;0,1;1
Oxigen;60;60;60;0,1;0,1;1
Temp;60;60;60;0,1;0,1;1
TrafficJam;60;60;0,1;1
Oxigen;61;61;61;0,1;0,1;1
Temp;61;61;61;0,1;0,1;1
TrafficJam;61;61;0,1;1
Oxigen;62;62;62;0,1;0,1;1
Temp;62;62;62;0,1;0,1;1
TrafficJam;62;62;0,1;1
Oxigen;63;63;63;0,1;0,1;1
Temp;63;63;63;0,1;0,1;1
TrafficJam;63;63;0,1;1
Oxigen;64;64;64;0,1;0,1;1
Temp;64;64;64;0,1;0,1;1
TrafficJam;64;64;0,1;1
Oxigen;65;65;65;0,1;0,1;1
Temp;65;65;65;0,1;0,1;1
TrafficJam;65;65;0,1;1
Oxigen;66;66;66;0,1;0,1;1
Temp;66;66;66;0,1;0,1;1
TrafficJam;66;66;0,1;1
Oxigen;67;67;67;0,1;0,1;1
Temp;67;67;67;0,1;0,1;1
TrafficJam;67;67;0,1;1
Oxigen;68;68;68;0,1;0,1;1
Temp;68;68;68;0,1;0,1;1
TrafficJam;68;68;0,1;1
Oxigen;69;69;69;0,1;0,1;1
Temp;69;69;69;0,1;0,1;1
TrafficJam;69;69;0,1;1
Oxigen;70;70;70;0,1;0,1;1
Temp;70;70;70;0,1;0,1;1
TrafficJam;70;70;0,1;1
Oxigen;71;71;71;0,1;0,1;1
Temp;71;71;71;0,1;0,1;1
TrafficJam;71;71;0,1;1
Oxigen;72;72;72;0,1;0,1;1
Temp;72;72;72;0,1;0,1;1
TrafficJam;72;72;0,1;1
Oxigen;73;73;73;0,1;0,1;1
Temp;73;73;73;0,1;0,1;1
TrafficJam;73;73;0,1;1
Oxigen;74;74;74;0,1;0,1;1
Temp;74;74;74;0,1;0,1;1
TrafficJam;74;74;0,1;1
Oxigen;75;75;75;0,1;0,1;1
Temp;75;75;75;0,1;0,1;1
TrafficJam;75;75;0,1;1
Oxigen;76;76;76;0,1;0,1;1
Temp;76;76;76;0,1;0,1;1
TrafficJam;76;76;0,1;1
Oxigen;77;77;77;0,1;0,1;1
Temp;77;77;77;0,1;0,1;1
TrafficJam;77;77;0,1;1
Oxigen;78;78;78;0,1;0,1;1
Temp;78;78;78;0,1;0,1;1
TrafficJam;78;78;0,1;1
Oxigen;79;79;79;0,1;0,1;1
Temp;79;79;79;0,1;0,1;1
TrafficJam;79;79;0,1;1
Oxigen;80;80;80;0,1;0,1;1
Temp;80;80;80;0,1;0,1;1
TrafficJam;80;80;0,1;1
Oxigen;81;81;81;0,1;0,1;1
Temp;81;81;81;0,1;0,1;1
TrafficJam;81;81;0,1;1
Oxigen;82;82;82;0,1;0,1;1
Temp;82;82;82;0,1;0,1;1
TrafficJam;82;82;0,1;1
Oxigen;83;83;83;0,1;0,1;1
Temp;83;83;83;0,1;0,1;1
TrafficJam;83;83;0,1;1
Oxigen;84;84;84;0,1;0,1;1
Temp;84;84;84;0,1;0,1;1
TrafficJam;84;84;0,1;1
Oxigen;85;85;85;0,1;0,1;1
Temp;85;85;85;0,1;0,1;1
TrafficJam;85;85;0,1;1
Oxigen;86;86;86;0,1;0,1;1
Temp;86;86;86;0,1;0,1;1
TrafficJam;86;86;0,1;1
Oxigen;87;87;87;0,1;0,1;1
Temp;87;87;87;0,1;0,1;1
TrafficJam;87;87;0,1;1
Oxigen;88;88;88;0,1;0,1;1
Temp;88;88;88;0,1;0,1;1
TrafficJam;88;88;0,1;1
Oxigen;89;89;89;0,1;0,1;1
Temp;89;89;89;0,1;0,1;1
TrafficJam;89;89;0,1;1
Oxigen;90;90;90;0,1;0,1;1
Temp;90;90;90;0,1;0,1;1
TrafficJam;90;90;0,1;1
Oxigen;91;91;91;0,1;0,1;1
Temp;91;91;91;0,1;0,1;1
TrafficJam;91;91;0,1;1
Oxigen;92;92;92;0,1;0,1;1
Temp;92;92;92;0,1;0,1;1
TrafficJam;92;92;0,1;1
Oxigen;93;93;93;0,1;0,1;1
Temp;93;93;93;0,1;0,1;1
TrafficJam;93;93;0,1;1
Oxigen;94;94;94;0,1;0,1;1
Temp;94;94;94;0,1;0,1;1
TrafficJam;94;94;0,1;1
Oxigen;95;95;95;0,1;0,1;1
Temp;95;95;95;0,1;0,1;1
TrafficJam;95;95;0,1;1
Oxigen;96;96;96;0,1;0,1;1
Temp;96;96;96;0,1;0,1;1
TrafficJam;96;96;0,1;1
Oxigen;97;97;97;0,1;0,1;1
Temp;97;97;97;0,1;0,1;1
TrafficJam;97;97;0,1;1
Oxigen;98;98;98;0,1;0,1;1
Temp;98;98;98;0,1;0,1;1
TrafficJam;98;98;0,1;1
Oxigen;99;99;99;0,1;0,1;1
Temp;99;99;99;0,1;0,1;1
TrafficJam;99;99;0,1;1
Oxigen;100;100;100;0,1;0,1;1
Temp;100;100;100;0,1;0,1;1
TrafficJam;100;100;0,1;1
Oxigen;101;1;1;0,1;0,1;1
Temp;101;1;1;0,1;0,1;1
TrafficJam;101;1;0,1;1
Oxigen;102;2;2;0,1;0,1;1
Temp;102;2;2;0,1;0,1;1
TrafficJam;102;2;0,1;1
Oxigen;103;3;3;0,1;0,1;1
Temp;103;3;3;0,1;0,1;1
TrafficJam;103;3;0,1;1
Oxigen;104;4;4;0,1;0,1;1
Temp;104;4;4;0,1;0,1;1
TrafficJam;104;4;0,1;1
Oxigen;105;5;5;0,1;0,1;1
Temp;105;5;5;0,1;0,1;1
TrafficJam;105;5;0,1;1
Oxigen;106;6;6;0,1;0,1;1
Temp;106;6;6;0,1;0,1;1
TrafficJam;106;6;0,1;1
Oxigen;107;7;7;0,1;0,1;1
Temp;107;7;7;0,1;0,1;1
TrafficJam;107;7;0,1;1
Oxigen;108;8;8;0,1;0,1;1
Temp;108;8;8;0,1;0,1;1
TrafficJam;108;8;0,1;1
Oxigen;109;9;9;0,1;0,1;1
Temp;109;9;9;0,1;0,1;1
TrafficJam;109;9;0,1;1
Oxigen;110;10;10;0,1;0,1;1
Temp;110;10;10;0,1;0,1;1
TrafficJam;110;10;0,1;1
Oxigen;111;11;11;0,1;0,1;1
Temp;111;11;11;0,1;0,1;1
TrafficJam;111;11;0,1;1
Oxigen;112;12;12;0,1;0,1;1
Temp;112;12;12;0,1;0,1;1
TrafficJam;112;12;0,1;1
Oxigen;113;13;13;0,1;0,1;1
Temp;113;13;13;0,1;0,1;1
TrafficJam;113;13;0,1;1
Oxigen;114;14;14;0,1;0,1;1
Temp;114;14;14;0,1;0,1;1
TrafficJam;114;14;0,1;1
Oxigen;115;15;15;0,1;0,1;1
Temp;115;15;15;0,1;0,1;1
TrafficJam;115;15;0,1;1
Oxigen;116;16;16;0,1;0,1;1
Temp;116;16;16;0,1;0,1;1
TrafficJam;116;16;0,1;1
Oxigen;117;17;17;0,1;0,1;1
Temp;117;17;17;0,1;0,1;1
TrafficJam;117;17;0,1;1
Oxigen;118;18;18;0,1;0,1;1
Temp;118;18;18;0,1;0,1;1
TrafficJam;118;18;0,1;1
Oxigen;119;19;19;0,1;0,1;1
Temp;119;19;19;0,1;0,1;1
TrafficJam;119;19;0,1;1
Oxigen;120;20;20;0,1;0,1;1
Temp;120;20;20;0,1;0,1;1
TrafficJam;120;20;0,1;1
Oxigen;121;21;21;0,1;0,1;1
Temp;121;21;21;0,1;0,1;1
TrafficJam;121;21;0,1;1
Oxigen;122;22;22;0,1;0,1;1
Temp;122;22;22;0,1;0,1;1
TrafficJam;122;22;0,1;1
Oxigen;123;23;23;0,1;0,1;1
Temp;123;23;23;0,1;0,1;1
TrafficJam;123;23;0,1;1
Oxigen;124;24;24;0,1;0,1;1
Temp;124;24;24;0,1;0,1;1
TrafficJam;124;24;0,1;1
Oxigen;125;25;25;0,1;0,1;1
Temp;125;25;25;0,1;0,1;1
TrafficJam;125;25;0,1;1
Oxigen;126;26;26;0,1;0,1;1
Temp;126;26;26;0,1;0,1;1
TrafficJam;126;26;0,1;1
Oxigen;127;27;27;0,1;0,1;1
Temp;127;27;27;0,1;0,1;1
TrafficJam;127;27;0,1;1
Oxigen;128;28;28;0,1;0,1;1
Temp;128;28;28;0,1;0,1;1
TrafficJam;128;28;0,1;1
Oxigen;129;29;29;0,1;0,1;1
Temp;129;29;29;0,1;0,1;1
TrafficJam;129;29;0,1;1
Oxigen;130;30;30;0,1;0,1;1
Temp;130;30;30;0,1;0,1;1
TrafficJam;130;30;0,1;1
Oxigen;131;31;31;0,1;0,1;1
Temp;131;31;31;0,1;0,1;1
TrafficJam;131;31;0,1;1
Oxigen;132;32;32;0,1;0,1;1
Temp;132;32;32;0,1;0,1;1
TrafficJam;132;32;0,1;1
Oxigen;133;33;33;0,1;0,1;1
Temp;133;33;33;0,1;0,1;1
TrafficJam;133;33;0,1;1
Oxigen;134;34;34;0,1;0,1;1
Temp;134;34;34;0,1;0,1;1
TrafficJam;134;34;0,1;1
Oxigen;135;35;35;0,1;0,1;1
Temp;135;35;35;0,1;0,1;1
TrafficJam;135;35;0,1;1
Oxigen;136;36;36;0,1;0,1;1
Temp;136;36;36;0,1;0,1;1
TrafficJam;136;36;0,1;1
Oxigen;137;37;37;0,1;0,1;1
Temp;137;37;37;0,1;0,1;1
TrafficJam;137;37;0,1;1
Oxigen;138;38;38;0,1;0,1;1
Temp;138;38;38;0,1;0,1;1
TrafficJam;138;38;0,1;1
Oxigen;139;39;39;0,1;0,1;1
Temp;139;39;39;0,1;0,1;1
TrafficJam;139;39;0,1;1
Oxigen;140;40;40;0,1;0,1;1
Temp;140;40;40;0,1;0,1;1
TrafficJam;140;40;0,1;1
Oxigen;141;41;41;0,1;0,1;1
Temp;141;41;41;0,1;0,1;1
TrafficJam;141;41;0,1;1
Oxigen;142;42;42;0,1;0,1;1
Temp;142;42;42;0,1;0,1;1
TrafficJam;142;42;0,1;1
Oxigen;143;43;43;0,1;0,1;1
Temp;143;43;43;0,1;0,1;1
TrafficJam;143;43;0,1;1
Oxigen;144;44;44;0,1;0,1;1
Temp;144;44;44;0,1;0,1;1
TrafficJam;144;44;0,1;1
Oxigen;145;45;45;0,1;0,1;1
Temp;145;45;45;0,1;0,1;1
TrafficJam;145;45;0,1;1
Oxigen;146;46;46;0,1;0,1;1
Temp;146;46;46;0,1;0,1;1
TrafficJam;146;46;0,1;1
Oxigen;147;47;47;0,1;0,1;1
Temp;147;47;47;0,1;0,1;1
TrafficJam;147;47;0,1;1
Oxigen;148;48;48;0,1;0,1;1
Temp;148;48;48;0,1;0,1;1
TrafficJam;148;48;0,1;1
Oxigen;149;49;49;0,1;0,1;1
Temp;149;49;49;0,1;0,1;1
TrafficJam;149;49;0,1;1
Oxigen;150;50;50;0,1;0,1;1
Temp;150;50;50;0,1;0,1;1
TrafficJam;150;50;0,1;1
Oxigen;151;51;51;0,1;0,1;1
Temp;151;51;51;0,1;0,1;1
TrafficJam;151;51;0,1;1
Oxigen;152;52;52;0,1;0,1;1
Temp;152;52;52;0,1;0,1;1
TrafficJam;152;52;0,1;1
Oxigen;153;53;53;0,1;0,1;1
Temp;153;53;53;0,1;0,1;1
TrafficJam;153;53;0,1;1
Oxigen;154;54;54;0,1;0,1;1
Temp;154;54;54;0,1;0,1;1
TrafficJam;154;54;0,1;1
Oxigen;155;55;55;0,1;0,1;1
Temp;155;55;55;0,1;0,1;1
TrafficJam;155;55;0,1;1
Oxigen;156;56;56;0,1;0,1;1
Temp;156;56;56;0,1;0,1;1
TrafficJam;156;56;0,1;1
Oxigen;157;57;57;0,1;0,1;1
Temp;157;57;57;0,1;0,1;1
TrafficJam;157;57;0,1;1
Oxigen;158;58;58;0,1;0,1;1
Temp;158;58;58;0,1;0,1;1
TrafficJam;158;58;0,1;1
Oxigen;159;59;59;0,1;0,1;1
Temp;159;59;59;0,1;0,1;1
TrafficJam;159;59;0,1;1
Oxigen;160;60;60;0,1;0,1;1
Temp;160;60;60;0,1;0,1;1
TrafficJam;160;60;0,1;1
Oxigen;161;61;61;0,1;0,1;1
Temp;161;61;61;0,1;0,1;1
TrafficJam;161;61;0,1;1
Oxigen;162;62;62;0,1;0,1;1
Temp;162;62;62;0,1;0,1;1
TrafficJam;162;62;0,1;1
Oxigen;163;63;63;0,1;0,1;1
Temp;163;63;63;0,1;0,1;1
TrafficJam;163;63;0,1;1
Oxigen;164;64;64;0,1;0,1;1
Temp;164;64;64;0,1;0,1;1
TrafficJam;164;64;0,1;1
Oxigen;165;65;65;0,1;0,1;1
Temp;165;65;65;0,1;0,1;1
TrafficJam;165;65;0,1;1
Oxigen;166;66;66;0,1;0,1;1
Temp;166;66;66;0,1;0,1;1
TrafficJam;166;66;0,1;1
Oxigen;167;67;67;0,1;0,1;1
Temp;167;67;67;0,1;0,1;1
TrafficJam;167;67;0,1;1
Oxigen;168;68;68;0,1;0,1;1
Temp;168;68;68;0,1;0,1;1
TrafficJam;168;68;0,1;1
Oxigen;169;69;69;0,1;0,1;1
Temp;169;69;69;0,1;0,1;1
TrafficJam;169;69;0,1;1
Oxigen;170;70;70;0,1;0,1;1
Temp;170;70;70;0,1;0,1;1
TrafficJam;170;70;0,1;1
Oxigen;171;71;71;0,1;0,1;1
Temp;171;71;71;0,1;0,1;1
TrafficJam;171;71;0,1;1
Oxigen;172;72;72;0,1;0,1;1
Temp;172;72;72;0,1;0,1;1
TrafficJam;172;72;0,1;1
Oxigen;173;73;73;0,1;0,1;1
Temp;173;73;73;0,1;0,1;1
TrafficJam;173;73;0,1;1
Oxigen;174;74;74;0,1;0,1;1
Temp;174;74;74;0,1;0,1;1
TrafficJam;174;74;0,1;1
Oxigen;175;75;75;0,1;0,1;1
Temp;175;75;75;0,1;0,1;1
TrafficJam;175;75;0,1;1
Oxigen;176;76;76;0,1;0,1;1
Temp;176;76;76;0,1;0,1;1
TrafficJam;176;76;0,1;1
Oxigen;177;77;77;0,1;0,1;1
Temp;177;77;77;0,1;0,1;1
TrafficJam;177;77;0,1;1
Oxigen;178;78;78;0,1;0,1;1
Temp;178;78;78;0,1;0,1;1
TrafficJam;178;78;0,1;1
Oxigen;179;79;79;0,1;0,1;1
Temp;179;79;79;0,1;0,1;1
TrafficJam;179;79;0,1;1
Oxigen;180;80;80;0,1;0,1;1
Temp;180;80;80;0,1;0,1;1
TrafficJam;180;80;0,1;1
Oxigen;181;81;81;0,1;0,1;1
Temp;181;81;81;0,1;0,1;1
TrafficJam;181;81;0,1;1
Oxigen;182;82;82;0,1;0,1;1
Temp;182;82;82;0,1;0,1;1
TrafficJam;182;82;0,1;1
Oxigen;183;83;83;0,1;0,1;1
Temp;183;83;83;0,1;0,1;1
TrafficJam;183;83;0,1;1
Oxigen;184;84;84;0,1;0,1;1
Temp;184;84;84;0,1;0,1;1
TrafficJam;184;84;0,1;1
Oxigen;185;85;85;0,1;0,1;1
Temp;185;85;85;0,1;0,1;1
TrafficJam;185;85;0,1;1
Oxigen;186;86;86;0,1;0,1;1
Temp;186;86;86;0,1;0,1;1
TrafficJam;186;86;0,1;1
Oxigen;187;87;87;0,1;0,1;1
Temp;187;87;87;0,1;0,1;1
TrafficJam;187;87;0,1;1
Oxigen;188;88;88;0,1;0,1;1
Temp;188;88;88;0,1;0,1;1
TrafficJam;188;88;0,1;1
Oxigen;189;89;89;0,1;0,1;1
Temp;189;89;89;0,1;0,1;1
TrafficJam;189;89;0,1;1
Oxigen;190;90;90;0,1;0,1;1
Temp;190;90;90;0,1;0,1;1
TrafficJam;190;90;0,1;1
Oxigen;191;91;91;0,1;0,1;1
Temp;191;91;91;0,1;0,1;1
TrafficJam;191;91;0,1;1
Oxigen;192;92;92;0,1;0,1;1
Temp;192;92;92;0,1;0,1;1
TrafficJam;192;92;0,1;1
Oxigen;193;93;93;0,1;0,1;1
Temp;193;93;93;0,1;0,1;1
TrafficJam;193;93;0,1;1
Oxigen;194;94;94;0,1;0,1;1
Temp;194;94;94;0,1;0,1;1
TrafficJam;194;94;0,1;1
Oxigen;195;95;95;0,1;0,1;1
Temp;195;95;95;0,1;0,1;1
TrafficJam;195;95;0,1;1
Oxigen;196;96;96;0,1;0,1;1
Temp;196;96;96;0,1;0,1;1
TrafficJam;196;96;0,1;1
Oxigen;197;97;97;0,1;0,1;1
Temp;197;97;97;0,1;0,1;1
TrafficJam;197;97;0,1;1
Oxigen;198;98;98;0,1;0,1;1
Temp;198;98;98;0,1;0,1;1
TrafficJam;198;98;0,1;1
Oxigen;199;99;99;0,1;0,1;1
Temp;199;99;99;0,1;0,1;1
TrafficJam;199;99;0,1;1
Oxigen;200;100;100;0,1;0,1;1
Temp;200;100;100;0,1;0,1;1
TrafficJam;200;100;0,1;1
Oxigen;201;1;1;0,1;0,1;1
Temp;201;1;1;0,1;0,1;1
TrafficJam;201;1;0,1;1
Oxigen;202;2;2;0,1;0,1;1
Temp;202;2;2;0,1;0,1;1
TrafficJam;202;2;0,1;1
Oxigen;203;3;3;0,1;0,1;1
Temp;203;3;3;0,1;0,1;1
TrafficJam;203;3;0,1;1
Oxigen;204;4;4;0,1;0,1;1
Temp;204;4;4;0,1;0,1;1
TrafficJam;204;4;0,1;1
Oxigen;205;5;5;0,1;0,1;1
Temp;205;5;5;0,1;0,1;1
TrafficJam;205;5;0,1;1
Oxigen;206;6;6;0,1;0,1;1
Temp;206;6;6;0,1;0,1;1
TrafficJam;206;6;0,1;1
Oxigen;207;7;7;0,1;0,1;1
Temp;207;7;7;0,1;0,1;1
TrafficJam;207;7;0,1;1
Oxigen;208;8;8;0,1;0,1;1
Temp;208;8;8;0,1;0,1;1
TrafficJam;208;8;0,1;1
Oxigen;209;9;9;0,1;0,1;1
Temp;209;9;9;0,1;0,1;1
TrafficJam;209;9;0,1;1
Oxigen;210;10;10;0,1;0,1;1
Temp;210;10;10;0,1;0,1;1
TrafficJam;210;10;0,1;1
Oxigen;211;11;11;0,1;0,1;1
Temp;211;11;11;0,1;0,1;1
TrafficJam;211;11;0,1;1
Oxigen;212;12;12;0,1;0,1;1
Temp;212;12;12;0,1;0,1;1
TrafficJam;212;12;0,1;1
Oxigen;213;13;13;0,1;0,1;1
Temp;213;13;13;0,1;0,1;1
TrafficJam;213;13;0,1;1
Oxigen;214;14;14;0,1;0,1;1
Temp;214;14;14;0,1;0,1;1
TrafficJam;214;14;0,1;1
Oxigen;215;15;15;0,1;0,1;1
Temp;215;15;15;0,1;0,1;1
TrafficJam;215;15;0,1;1
Oxigen;216;16;16;0,1;0,1;1
Temp;216;16;16;0,1;0,1;1
TrafficJam;216;16;0,1;1
Oxigen;217;17;17;0,1;0,1;1
Temp;217;17;17;0,1;0,1;1
TrafficJam;217;17;0,1;1
Oxigen;218;18;18;0,1;0,1;1
Temp;218;18;18;0,1;0,1;1
TrafficJam;218;18;0,1;1
Oxigen;219;19;19;0,1;0,1;1
Temp;219;19;19;0,1;0,1;1
TrafficJam;219;19;0,1;1
Oxigen;220;20;20;0,1;0,1;1
Temp;220;20;20;0,1;0,1;1
TrafficJam;220;20;0,1;1
Oxigen;221;21;21;0,1;0,1;1
Temp;221;21;21;0,1;0,1;1
TrafficJam;221;21;0,1;1
Oxigen;222;22;22;0,1;0,1;1
Temp;222;22;22;0,1;0,1;1
TrafficJam;222;22;0,1;1
Oxigen;223;23;23;0,1;0,1;1
Temp;223;23;23;0,1;0,1;1
TrafficJam;223;23;0,1;1
Oxigen;224;24;24;0,1;0,1;1
Temp;224;24;24;0,1;0,1;1
TrafficJam;224;24;0,1;1
Oxigen;225;25;25;0,1;0,1;1
Temp;225;25;25;0,1;0,1;1
TrafficJam;225;25;0,1;1
Oxigen;226;26;26;0,1;0,1;1
Temp;226;26;26;0,1;0,1;1
TrafficJam;226;26;0,1;1
Oxigen;227;27;27;0,1;0,1;1
Temp;227;27;27;0,1;0,1;1
TrafficJam;227;27;0,1;1
Oxigen;228;28;28;0,1;0,1;1
Temp;228;28;28;0,1;0,1;1
TrafficJam;228;28;0,1;1
Oxigen;229;29;29;0,1;0,1;1
Temp;229;29;29;0,1;0,1;1
TrafficJam;229;29;0,1;1
Oxigen;230;30;30;0,1;0,1;1
Temp;230;30;30;0,1;0,1;1
TrafficJam;230;30;0,1;1
Oxigen;231;31;31;0,1;0,1;1
Temp;231;31;31;0,1;0,1;1
TrafficJam;231;31;0,1;1
Oxigen;232;32;32;0,1;0,1;1
Temp;232;32;32;0,1;0,1;1
TrafficJam;232;32;0,1;1
Oxigen;233;33;33;0,1;0,1;1
Temp;233;33;33;0,1;0,1;1
TrafficJam;233;33;0,1;1
Oxigen;234;34;34;0,1;0,1;1
Temp;234;34;34;0,1;0,1;1
TrafficJam;234;34;0,1;1
Oxigen;235;35;35;0,1;0,1;1
Temp;235;35;35;0,1;0,1;1
TrafficJam;235;35;0,1;1
Oxigen;236;36;36;0,1;0,1;1
Temp;236;36;36;0,1;0,1;1
TrafficJam;236;36;0,1;1
Oxigen;237;37;37;0,1;0,1;1
Temp;237;37;37;0,1;0,1;1
TrafficJam;237;37;0,1;1
Oxigen;238;38;38;0,1;0,1;1
Temp;238;38;38;0,1;0,1;1
TrafficJam;238;38;0,1;1
Oxigen;239;39;39;0,1;0,1;1
Temp;239;39;39;0,1;0,1;1
TrafficJam;239;39;0,1;1
Oxigen;240;40;40;0,1;0,1;1
Temp;240;40;40;0,1;0,1;1
TrafficJam;240;40;0,1;1
Oxigen;241;41;41;0,1;0,1;1
Temp;241;41;41;0,1;0,1;1
TrafficJam;241;41;0,1;1
Oxigen;242;42;42;0,1;0,1;1
Temp;242;42;42;0,1;0,1;1
TrafficJam;242;42;0,1;1
Oxigen;243;43;43;0,1;0,1;1
Temp;243;43;43;0,1;0,1;1
TrafficJam;243;43;0,1;1
Oxigen;244;44;44;0,1;0,1;1
Temp;244;44;44;0,1;0,1;1
TrafficJam;244;44;0,1;1
Oxigen;245;45;45;0,1;0,1;1
Temp;245;45;45;0,1;0,1;1
TrafficJam;245;45;0,1;1
Oxigen;246;46;46;0,1;0,1;1
Temp;246;46;46;0,1;0,1;1
TrafficJam;246;46;0,1;1
Oxigen;247;47;47;0,1;0,1;1
Temp;247;47;47;0,1;0,1;1
TrafficJam;247;47;0,1;1
Oxigen;248;48;48;0,1;0,1;1
Temp;248;48;48;0,1;0,1;1
TrafficJam;248;48;0,1;1
Oxigen;249;49;49;0,1;0,1;1
Temp;249;49;49;0,1;0,1;1
TrafficJam;249;49;0,1;1
Oxigen;250;50;50;0,1;0,1;1
Temp;250;50;50;0,1;0,1;1
TrafficJam;250;50;0,1;1
Oxigen;251;51;51;0,1;0,1;1
Temp;251;51;51;0,1;0,1;1
TrafficJam;251;51;0,1;1
Oxigen;252;52;52;0,1;0,1;1
Temp;252;52;52;0,1;0,1;1
TrafficJam;252;52;0,1;1
Oxigen;253;53;53;0,1;0,1;1
Temp;253;53;53;0,1;0,1;1
TrafficJam;253;53;0,1;1
Oxigen;254;54;54;0,1;0,1;1
Temp;254;54;54;0,1;0,1;1
TrafficJam;254;54;0,1;1
Oxigen;255;55;55;0,1;0,1;1
Temp;255;55;55;0,1;0,1;1
TrafficJam;255;55;0,1;1
Oxigen;256;56;56;0,1;0,1;1
Temp;256;56;56;0,1;0,1;1
TrafficJam;256;56;0,1;1
Oxigen;257;57;57;0,1;0,1;1
Temp;257;57;57;0,1;0,1;1
TrafficJam;257;57;0,1;1
Oxigen;258;58;58;0,1;0,1;1
Temp;258;58;58;0,1;0,1;1
TrafficJam;258;58;0,1;1
Oxigen;259;59;59;0,1;0,1;1
Temp;259;59;59;0,1;0,1;1
TrafficJam;259;59;0,1;1
Oxigen;260;60;60;0,1;0,1;1
Temp;260;60;60;0,1;0,1;1
TrafficJam;260;60;0,1;1
Oxigen;261;61;61;0,1;0,1;1
Temp;261;61;61;0,1;0,1;1
TrafficJam;261;61;0,1;1
Oxigen;262;62;62;0,1;0,1;1
Temp;262;62;62;0,1;0,1;1
TrafficJam;262;62;0,1;1
Oxigen;263;63;63;0,1;0,1;1
Temp;263;63;63;0,1;0,1;1
TrafficJam;263;63;0,1;1
Oxigen;264;64;64;0,1;0,1;1
Temp;264;64;64;0,1;0,1;1
TrafficJam;264;64;0,1;1
Oxigen;265;65;65;0,1;0,1;1
Temp;265;65;65;0,1;0,1;1
TrafficJam;265;65;0,1;1
Oxigen;266;66;66;0,1;0,1;1
Temp;266;66;66;0,1;0,1;1
TrafficJam;266;66;0,1;1
Oxigen;267;67;67;0,1;0,1;1
Temp;267;67;67;0,1;0,1;1
TrafficJam;267;67;0,1;1
Oxigen;268;68;68;0,1;0,1;1
Temp;268;68;68;0,1;0,1;1
TrafficJam;268;68;0,1;1
Oxigen;269;69;69;0,1;0,1;1
Temp;269;69;69;0,1;0,1;1
TrafficJam;269;69;0,1;1
Oxigen;270;70;70;0,1;0,1;1
Temp;270;70;70;0,1;0,1;1
TrafficJam;270;70;0,1;1
Oxigen;271;71;71;0,1;0,1;1
Temp;271;71;71;0,1;0,1;1
TrafficJam;271;71;0,1;1
Oxigen;272;72;72;0,1;0,1;1
Temp;272;72;72;0,1;0,1;1
TrafficJam;272;72;0,1;1
Oxigen;273;73;73;0,1;0,1;1
Temp;273;73;73;0,1;0,1;1
TrafficJam;273;73;0,1;1
Oxigen;274;74;74;0,1;0,1;1
Temp;274;74;74;0,1;0,1;1
TrafficJam;274;74;0,1;1
Oxigen;275;75;75;0,1;0,1;1
Temp;275;75;75;0,1;0,1;1
TrafficJam;275;75;0,1;1
Oxigen;276;76;76;0,1;0,1;1
Temp;276;76;76;0,1;0,1;1
TrafficJam;276;76;0,1;1
Oxigen;277;77;77;0,1;0,1;1
Temp;277;77;77;0,1;0,1;1
TrafficJam;277;77;0,1;1
Oxigen;278;78;78;0,1;0,1;1
Temp;278;78;78;0,1;0,1;1
TrafficJam;278;78;0,1;1
Oxigen;279;79;79;0,1;0,1;1
Temp;279;79;79;0,1;0,1;1
TrafficJam;279;79;0,1;1
Oxigen;280;80;80;0,1;0,1;1
Temp;280;80;80;0,1;0,1;1
TrafficJam;280;80;0,1;1
Oxigen;281;81;81;0,1;0,1;1
Temp;281;81;81;0,1;0,1;1
TrafficJam;281;81;0,1;1
Oxigen;282;82;82;0,1;0,1;1
Temp;282;82;82;0,1;0,1;1
TrafficJam;282;82;0,1;1
Oxigen;283;83;83;0,1;0,1;1
Temp;283;83;83;0,1;0,1;1
TrafficJam;283;83;0,1;1
Oxigen;284;84;84;0,1;0,1;1
Temp;284;84;84;0,1;0,1;1
TrafficJam;284;84;0,1;1
Oxigen;285;85;85;0,1;0,1;1
Temp;285;85;85;0,1;0,1;1
TrafficJam;285;85;0,1;1
Oxigen;286;86;86;0,1;0,1;1
Temp;286;86;86;0,1;0,1;1
TrafficJam;286;86;0,1;1
Oxigen;287;87;87;0,1;0,1;1
Temp;287;87;87;0,1;0,1;1
TrafficJam;287;87;0,1;1
Oxigen;288;88;88;0,1;0,1;1
Temp;288;88;88;0,1;0,1;1
TrafficJam;288;88;0,1;1
Oxigen;289;89;89;0,1;0,1;1
Temp;289;89;89;0,1;0,1;1
TrafficJam;289;89;0,1;1
Oxigen;290;90;90;0,1;0,1;1
Temp;290;90;90;0,1;0,1;1
TrafficJam;290;90;0,1;1
Oxigen;291;91;91;0,1;0,1;1
Temp;291;91;91;0,1;0,1;1
TrafficJam;291;91;0,1;1
Oxigen;292;92;92;0,1;0,1;1
Temp;292;92;92;0,1;0,1;1
TrafficJam;292;92;0,1;1
Oxigen;293;93;93;0,1;0,1;1
Temp;293;93;93;0,1;0,1;1
TrafficJam;293;93;0,1;1
Oxigen;294;94;94;0,1;0,1;1
Temp;294;94;94;0,1;0,1;1
TrafficJam;294;94;0,1;1
Oxigen;295;95;95;0,1;0,1;1
Temp;295;95;95;0,1;0,1;1
TrafficJam;295;95;0,1;1
Oxigen;296;96;96;0,1;0,1;1
Temp;296;96;96;0,1;0,1;1
TrafficJam;296;96;0,1;1
Oxigen;297;97;97;0,1;0,1;1
Temp;297;97;97;0,1;0,1;1
TrafficJam;297;97;0,1;1
Oxigen;298;98;98;0,1;0,1;1
Temp;298;98;98;0,1;0,1;1
TrafficJam;298;98;0,1;1
Oxigen;299;99;99;0,1;0,1;1
Temp;299;99;99;0,1;0,1;1
TrafficJam;299;99;0,1;1
Oxigen;300;100;100;0,1;0,1;1
Temp;300;100;100;0,1;0,1;1
TrafficJam;300;100;0,1;1
Oxigen;301;1;1;0,1;0,1;1
Temp;301;1;1;0,1;0,1;1
TrafficJam;301;1;0,1;1
Oxigen;302;2;2;0,1;0,1;1
Temp;302;2;2;0,1;0,1;1
TrafficJam;302;2;0,1;1
Oxigen;303;3;3;0,1;0,1;1
Temp;303;3;3;0,1;0,1;1
TrafficJam;303;3;0,1;1
Oxigen;304;4;4;0,1;0,1;1
Temp;304;4;4;0,1;0,1;1
TrafficJam;304;4;0,1;1
Oxigen;305;5;5;0,1;0,1;1
Temp;305;5;5;0,1;0,1;1
TrafficJam;305;5;0,1;1
Oxigen;306;6;6;0,1;0,1;1
Temp;306;6;6;0,1;0,1;1
TrafficJam;306;6;0,1;1
Oxigen;307;7;7;0,1;0,1;1
Temp;307;7;7;0,1;0,1;1
TrafficJam;307;7;0,1;1
Oxigen;308;8;8;0,1;0,1;1
Temp;308;8;8;0,1;0,1;1
TrafficJam;308;8;0,1;1
Oxigen;309;9;9;0,1;0,1;1
Temp;309;9;9;0,1;0,1;1
TrafficJam;309;9;0,1;1
Oxigen;310;10;10;0,1;0,1;1
Temp;310;10;10;0,1;0,1;1
TrafficJam;310;10;0,1;1
Oxigen;311;11;11;0,1;0,1;1
Temp;311;11;11;0,1;0,1;1
TrafficJam;311;11;0,1;1
Oxigen;312;12;12;0,1;0,1;1
Temp;312;12;12;0,1;0,1;1
TrafficJam;312;12;0,1;1
Oxigen;313;13;13;0,1;0,1;1
Temp;313;13;13;0,1;0,1;1
TrafficJam;313;13;0,1;1
Oxigen;314;14;14;0,1;0,1;1
Temp;314;14;14;0,1;0,1;1
TrafficJam;314;14;0,1;1
Oxigen;315;15;15;0,1;0,1;1
Temp;315;15;15;0,1;0,1;1
TrafficJam;315;15;0,1;1
Oxigen;316;16;16;0,1;0,1;1
Temp;316;16;16;0,1;0,1;1
TrafficJam;316;16;0,1;1
Oxigen;317;17;17;0,1;0,1;1
Temp;317;17;17;0,1;0,1;1
TrafficJam;317;17;0,1;1
Oxigen;318;18;18;0,1;0,1;1
Temp;318;18;18;0,1;0,1;1
TrafficJam;318;18;0,1;1
Oxigen;319;19;19;0,1;0,1;1
Temp;319;19;19;0,1;0,1;1
TrafficJam;319;19;0,1;1
Oxigen;320;20;20;0,1;0,1;1
Temp;320;20;20;0,1;0,1;1
TrafficJam;320;20;0,1;1
Oxigen;321;21;21;0,1;0,1;1
Temp;321;21;21;0,1;0,1;1
TrafficJam;321;21;0,1;1
Oxigen;322;22;22;0,1;0,1;1
Temp;322;22;22;0,1;0,1;1
TrafficJam;322;22;0,1;1
Oxigen;323;23;23;0,1;0,1;1
Temp;323;23;23;0,1;0,1;1
TrafficJam;323;23;0,1;1
Oxigen;324;24;24;0,1;0,1;1
Temp;324;24;24;0,1;0,1;1
TrafficJam;324;24;0,1;1
Oxigen;325;25;25;0,1;0,1;1
Temp;325;25;25;0,1;0,1;1
TrafficJam;325;25;0,1;1
Oxigen;326;26;26;0,1;0,1;1
Temp;326;26;26;0,1;0,1;1
TrafficJam;326;26;0,1;1
Oxigen;327;27;27;0,1;0,1;1
Temp;327;27;27;0,1;0,1;1
TrafficJam;327;27;0,1;1
Oxigen;328;28;28;0,1;0,1;1
Temp;328;28;28;0,1;0,1;1
TrafficJam;328;28;0,1;1
Oxigen;329;29;29;0,1;0,1;1
Temp;329;29;29;0,1;0,1;1
TrafficJam;329;29;0,1;1
Oxigen;330;30;30;0,1;0,1;1
Temp;330;30;30;0,1;0,1;1
TrafficJam;330;30;0,1;1
Oxigen;331;31;31;0,1;0,1;1
Temp;331;31;31;0,1;0,1;1
TrafficJam;331;31;0,1;1
Oxigen;332;32;32;0,1;0,1;1
Temp;332;32;32;0,1;0,1;1
TrafficJam;332;32;0,1;1
Oxigen;333;33;33;0,1;0,1;1
Temp;333;33;33;0,1;0,1;1
TrafficJam;333;33;0,1;1
Oxigen;334;34;34;0,1;0,1;1
Temp;334;34;34;0,1;0,1;1
TrafficJam;334;34;0,1;1
Oxigen;335;35;35;0,1;0,1;1
Temp;335;35;35;0,1;0,1;1
TrafficJam;335;35;0,1;1
Oxigen;336;36;36;0,1;0,1;1
Temp;336;36;36;0,1;0,1;1
TrafficJam;336;36;0,1;1
Oxigen;337;37;37;0,1;0,1;1
Temp;337;37;37;0,1;0,1;1
TrafficJam;337;37;0,1;1
Oxigen;338;38;38;0,1;0,1;1
Temp;338;38;38;0,1;0,1;1
TrafficJam;338;38;0,1;1
Oxigen;339;39;39;0,1;0,1;1
Temp;339;39;39;0,1;0,1;1
TrafficJam;339;39;0,1;1
Oxigen;340;40;40;0,1;0,1;1
Temp;340;40;40;0,1;0,1;1
TrafficJam;340;40;0,1;1
Oxigen;341;41;41;0,1;0,1;1
Temp;341;41;41;0,1;0,1;1
TrafficJam;341;41;0,1;1
Oxigen;342;42;42;0,1;0,1;1
Temp;342;42;42;0,1;0,1;1
TrafficJam;342;42;0,1;1
Oxigen;343;43;43;0,1;0,1;1
Temp;343;43;43;0,1;0,1;1
TrafficJam;343;43;0,1;1
Oxigen;344;44;44;0,1;0,1;1
Temp;344;44;44;0,1;0,1;1
TrafficJam;344;44;0,1;1
Oxigen;345;45;45;0,1;0,1;1
Temp;345;45;45;0,1;0,1;1
TrafficJam;345;45;0,1;1
Oxigen;346;46;46;0,1;0,1;1
Temp;346;46;46;0,1;0,1;1
TrafficJam;346;46;0,1;1
Oxigen;347;47;47;0,1;0,1;1
Temp;347;47;47;0,1;0,1;1
TrafficJam;347;47;0,1;1
Oxigen;348;48;48;0,1;0,1;1
Temp;348;48;48;0,1;0,1;1
TrafficJam;348;48;0,1;1
Oxigen;349;49;49;0,1;0,1;1
Temp;349;49;49;0,1;0,1;1
TrafficJam;349;49;0,1;1
Oxigen;350;50;50;0,1;0,1;1
Temp;350;50;50;0,1;0,1;1
TrafficJam;350;50;0,1;1
Oxigen;351;51;51;0,1;0,1;1
Temp;351;51;51;0,1;0,1;1
TrafficJam;351;51;0,1;1
Oxigen;352;52;52;0,1;0,1;1
Temp;352;52;52;0,1;0,1;1
TrafficJam;352;52;0,1;1
Oxigen;353;53;53;0,1;0,1;1
Temp;353;53;53;0,1;0,1;1
TrafficJam;353;53;0,1;1
Oxigen;354;54;54;0,1;0,1;1
Temp;354;54;54;0,1;0,1;1
TrafficJam;354;54;0,1;1
Oxigen;355;55;55;0,1;0,1;1
Temp;355;55;55;0,1;0,1;1
TrafficJam;355;55;0,1;1
Oxigen;356;56;56;0,1;0,1;1
Temp;356;56;56;0,1;0,1;1
TrafficJam;356;56;0,1;1
Oxigen;357;57;57;0,1;0,1;1
Temp;357;57;57;0,1;0,1;1
TrafficJam;357;57;0,1;1
Oxigen;358;58;58;0,1;0,1;1
Temp;358;58;58;0,1;0,1;1
TrafficJam;358;58;0,1;1
Oxigen;359;59;59;0,1;0,1;1
Temp;359;59;59;0,1;0,1;1
TrafficJam;359;59;0,1;1
Oxigen;360;60;60;0,1;0,1;1
Temp;360;60;60;0,1;0,1;1
TrafficJam;360;60;0,1;1
Oxigen;361;61;61;0,1;0,1;1
Temp;361;61;61;0,1;0,1;1
TrafficJam;361;61;0,1;1
Oxigen;362;62;62;0,1;0,1;1
Temp;362;62;62;0,1;0,1;1
TrafficJam;362;62;0,1;1
Oxigen;363;63;63;0,1;0,1;1
Temp;363;63;63;0,1;0,1;1
TrafficJam;363;63;0,1;1
Oxigen;364;64;64;0,1;0,1;1
Temp;364;64;64;0,1;0,1;1
TrafficJam;364;64;0,1;1
Oxigen;365;65;65;0,1;0,1;1
Temp;365;65;65;0,1;0,1;1
TrafficJam;365;65;0,1;1
Oxigen;366;66;66;0,1;0,1;1
Temp;366;66;66;0,1;0,1;1
TrafficJam;366;66;0,1;1
Oxigen;367;67;67;0,1;0,1;1
Temp;367;67;67;0,1;0,1;1
TrafficJam;367;67;0,1;1
Oxigen;368;68;68;0,1;0,1;1
Temp;368;68;68;0,1;0,1;1
TrafficJam;368;68;0,1;1
Oxigen;369;69;69;0,1;0,1;1
Temp;369;69;69;0,1;0,1;1
TrafficJam;369;69;0,1;1
Oxigen;370;70;70;0,1;0,1;1
Temp;370;70;70;0,1;0,1;1
TrafficJam;370;70;0,1;1
Oxigen;371;71;71;0,1;0,1;1
Temp;371;71;71;0,1;0,1;1
TrafficJam;371;71;0,1;1
Oxigen;372;72;72;0,1;0,1;1
Temp;372;72;72;0,1;0,1;1
TrafficJam;372;72;0,1;1
Oxigen;373;73;73;0,1;0,1;1
Temp;373;73;73;0,1;0,1;1
TrafficJam;373;73;0,1;1
Oxigen;374;74;74;0,1;0,1;1
Temp;374;74;74;0,1;0,1;1
TrafficJam;374;74;0,1;1
Oxigen;375;75;75;0,1;0,1;1
Temp;375;75;75;0,1;0,1;1
TrafficJam;375;75;0,1;1
Oxigen;376;76;76;0,1;0,1;1
Temp;376;76;76;0,1;0,1;1
TrafficJam;376;76;0,1;1
Oxigen;377;77;77;0,1;0,1;1
Temp;377;77;77;0,1;0,1;1
TrafficJam;377;77;0,1;1
Oxigen;378;78;78;0,1;0,1;1
Temp;378;78;78;0,1;0,1;1
TrafficJam;378;78;0,1;1
Oxigen;379;79;79;0,1;0,1;1
Temp;379;79;79;0,1;0,1;1
TrafficJam;379;79;0,1;1
Oxigen;380;80;80;0,1;0,1;1
Temp;380;80;80;0,1;0,1;1
TrafficJam;380;80;0,1;1
Oxigen;381;81;81;0,1;0,1;1
Temp;381;81;81;0,1;0,1;1
TrafficJam;381;81;0,1;1
Oxigen;382;82;82;0,1;0,1;1
Temp;382;82;82;0,1;0,1;1
TrafficJam;382;82;0,1;1
Oxigen;383;83;83;0,1;0,1;1
Temp;383;83;83;0,1;0,1;1
TrafficJam;383;83;0,1;1
Oxigen;384;84;84;0,1;0,1;1
Temp;384;84;84;0,1;0,1;1
TrafficJam;384;84;0,1;1
Oxigen;385;85;85;0,1;0,1;1
Temp;385;85;85;0,1;0,1;1
TrafficJam;385;85;0,1;1
Oxigen;386;86;86;0,1;0,1;1
Temp;386;86;86;0,1;0,1;1
TrafficJam;386;86;0,1;1
Oxigen;387;87;87;0,1;0,1;1
Temp;387;87;87;0,1;0,1;1
TrafficJam;387;87;0,1;1
Oxigen;388;88;88;0,1;0,1;1
Temp;388;88;88;0,1;0,1;1
TrafficJam;388;88;0,1;1
Oxigen;389;89;89;0,1;0,1;1
Temp;389;89;89;0,1;0,1;1
TrafficJam;389;89;0,1;1
Oxigen;390;90;90;0,1;0,1;1
Temp;390;90;90;0,1;0,1;1
TrafficJam;390;90;0,1;1
Oxigen;391;91;91;0,1;0,1;1
Temp;391;91;91;0,1;0,1;1
TrafficJam;391;91;0,1;1
Oxigen;392;92;92;0,1;0,1;1
Temp;392;92;92;0,1;0,1;1
TrafficJam;392;92;0,1;1
Oxigen;393;93;93;0,1;0,1;1
Temp;393;93;93;0,1;0,1;1
TrafficJam;393;93;0,1;1
Oxigen;394;94;94;0,1;0,1;1
Temp;394;94;94;0,1;0,1;1
TrafficJam;394;94;0,1;1
Oxigen;395;95;95;0,1;0,1;1
Temp;395;95;95;0,1;0,1;1
TrafficJam;395;95;0,1;1
Oxigen;396;96;96;0,1;0,1;1
Temp;396;96;96;0,1;0,1;1
TrafficJam;396;96;0,1;1
Oxigen;397;97;97;0,1;0,1;1
Temp;397;97;97;0,1;0,1;1
TrafficJam;397;97;0,1;1
Oxigen;398;98;98;0,1;0,1;1
Temp;398;98;98;0,1;0,1;1
TrafficJam;398;98;0,1;1
Oxigen;399;99;99;0,1;0,1;1
Temp;399;99;99;0,1;0,1;1
TrafficJam;399;99;0,1;1
Oxigen;400;100;100;0,1;0,1;1
Temp;400;100;100;0,1;0,1;1
TrafficJam;400;100;0,1;1
Oxigen;401;1;1;0,1;0,1;1
Temp;401;1;1;0,1;0,1;1
TrafficJam;401;1;0,1;1
Oxigen;402;2;2;0,1;0,1;1
Temp;402;2;2;0,1;0,1;1
TrafficJam;402;2;0,1;1
Oxigen;403;3;3;0,1;0,1;1
Temp;403;3;3;0,1;0,1;1
TrafficJam;403;3;0,1;1
Oxigen;404;4;4;0,1;0,1;1
Temp;404;4;4;0,1;0,1;1
TrafficJam;404;4;0,1;1
Oxigen;405;5;5;0,1;0,1;1
Temp;405;5;5;0,1;0,1;1
TrafficJam;405;5;0,1;1
Oxigen;406;6;6;0,1;0,1;1
Temp;406;6;6;0,1;0,1;1
TrafficJam;406;6;0,1;1
Oxigen;407;7;7;0,1;0,1;1
Temp;407;7;7;0,1;0,1;1
TrafficJam;407;7;0,1;1
Oxigen;408;8;8;0,1;0,1;1
Temp;408;8;8;0,1;0,1;1
TrafficJam;408;8;0,1;1
Oxigen;409;9;9;0,1;0,1;1
Temp;409;9;9;0,1;0,1;1
TrafficJam;409;9;0,1;1
Oxigen;410;10;10;0,1;0,1;1
Temp;410;10;10;0,1;0,1;1
TrafficJam;410;10;0,1;1
Oxigen;411;11;11;0,1;0,1;1
Temp;411;11;11;0,1;0,1;1
TrafficJam;411;11;0,1;1
Oxigen;412;12;12;0,1;0,1;1
Temp;412;12;12;0,1;0,1;1
TrafficJam;412;12;0,1;1
Oxigen;413;13;13;0,1;0,1;1
Temp;413;13;13;0,1;0,1;1
TrafficJam;413;13;0,1;1
Oxigen;414;14;14;0,1;0,1;1
Temp;414;14;14;0,1;0,1;1
TrafficJam;414;14;0,1;1
Oxigen;415;15;15;0,1;0,1;1
Temp;415;15;15;0,1;0,1;1
TrafficJam;415;15;0,1;1
Oxigen;416;16;16;0,1;0,1;1
Temp;416;16;16;0,1;0,1;1
TrafficJam;416;16;0,1;1
Oxigen;417;17;17;0,1;0,1;1
Temp;417;17;17;0,1;0,1;1
TrafficJam;417;17;0,1;1
Oxigen;418;18;18;0,1;0,1;1
Temp;418;18;18;0,1;0,1;1
TrafficJam;418;18;0,1;1
Oxigen;419;19;19;0,1;0,1;1
Temp;419;19;19;0,1;0,1;1
TrafficJam;419;19;0,1;1
Oxigen;420;20;20;0,1;0,1;1
Temp;420;20;20;0,1;0,1;1
TrafficJam;420;20;0,1;1
Oxigen;421;21;21;0,1;0,1;1
Temp;421;21;21;0,1;0,1;1
TrafficJam;421;21;0,1;1
Oxigen;422;22;22;0,1;0,1;1
Temp;422;22;22;0,1;0,1;1
TrafficJam;422;22;0,1;1
Oxigen;423;23;23;0,1;0,1;1
Temp;423;23;23;0,1;0,1;1
TrafficJam;423;23;0,1;1
Oxigen;424;24;24;0,1;0,1;1
Temp;424;24;24;0,1;0,1;1
TrafficJam;424;24;0,1;1
Oxigen;425;25;25;0,1;0,1;1
Temp;425;25;25;0,1;0,1;1
TrafficJam;425;25;0,1;1
Oxigen;426;26;26;0,1;0,1;1
Temp;426;26;26;0,1;0,1;1
TrafficJam;426;26;0,1;1
Oxigen;427;27;27;0,1;0,1;1
Temp;427;27;27;0,1;0,1;1
TrafficJam;427;27;0,1;1
Oxigen;428;28;28;0,1;0,1;1
Temp;428;28;28;0,1;0,1;1
TrafficJam;428;28;0,1;1
Oxigen;429;29;29;0,1;0,1;1
Temp;429;29;29;0,1;0,1;1
TrafficJam;429;29;0,1;1
Oxigen;430;30;30;0,1;0,1;1
Temp;430;30;30;0,1;0,1;1
TrafficJam;430;30;0,1;1
Oxigen;431;31;31;0,1;0,1;1
Temp;431;31;31;0,1;0,1;1
TrafficJam;431;31;0,1;1
Oxigen;432;32;32;0,1;0,1;1
Temp;432;32;32;0,1;0,1;1
TrafficJam;432;32;0,1;1
Oxigen;433;33;33;0,1;0,1;1
Temp;433;33;33;0,1;0,1;1
TrafficJam;433;33;0,1;1
Oxigen;434;34;34;0,1;0,1;1
Temp;434;34;34;0,1;0,1;1
TrafficJam;434;34;0,1;1
Oxigen;435;35;35;0,1;0,1;1
Temp;435;35;35;0,1;0,1;1
TrafficJam;435;35;0,1;1
Oxigen;436;36;36;0,1;0,1;1
Temp;436;36;36;0,1;0,1;1
TrafficJam;436;36;0,1;1
Oxigen;437;37;37;0,1;0,1;1
Temp;437;37;37;0,1;0,1;1
TrafficJam;437;37;0,1;1
Oxigen;438;38;38;0,1;0,1;1
Temp;438;38;38;0,1;0,1;1
TrafficJam;438;38;0,1;1
Oxigen;439;39;39;0,1;0,1;1
Temp;439;39;39;0,1;0,1;1
TrafficJam;439;39;0,1;1
Oxigen;440;40;40;0,1;0,1;1
Temp;440;40;40;0,1;0,1;1
TrafficJam;440;40;0,1;1
Oxigen;441;41;41;0,1;0,1;1
Temp;441;41;41;0,1;0,1;1
TrafficJam;441;41;0,1;1
Oxigen;442;42;42;0,1;0,1;1
Temp;442;42;42;0,1;0,1;1
TrafficJam;442;42;0,1;1
Oxigen;443;43;43;0,1;0,1;1
Temp;443;43;43;0,1;0,1;1
TrafficJam;443;43;0,1;1
Oxigen;444;44;44;0,1;0,1;1
Temp;444;44;44;0,1;0,1;1
TrafficJam;444;44;0,1;1
Oxigen;445;45;45;0,1;0,1;1
Temp;445;45;45;0,1;0,1;1
TrafficJam;445;45;0,1;1
Oxigen;446;46;46;0,1;0,1;1
Temp;446;46;46;0,1;0,1;1
TrafficJam;446;46;0,1;1
Oxigen;447;47;47;0,1;0,1;1
Temp;447;47;47;0,1;0,1;1
TrafficJam;447;47;0,1;1
Oxigen;448;48;48;0,1;0,1;1
Temp;448;48;48;0,1;0,1;1
TrafficJam;448;48;0,1;1
Oxigen;449;49;49;0,1;0,1;1
Temp;449;49;49;0,1;0,1;1
TrafficJam;449;49;0,1;1
Oxigen;450;50;50;0,1;0,1;1
Temp;450;50;50;0,1;0,1;1
TrafficJam;450;50;0,1;1
Oxigen;451;51;51;0,1;0,1;1
Temp;451;51;51;0,1;0,1;1
TrafficJam;451;51;0,1;1
Oxigen;452;52;52;0,1;0,1;1
Temp;452;52;52;0,1;0,1;1
TrafficJam;452;52;0,1;1
Oxigen;453;53;53;0,1;0,1;1
Temp;453;53;53;0,1;0,1;1
TrafficJam;453;53;0,1;1
Oxigen;454;54;54;0,1;0,1;1
Temp;454;54;54;0,1;0,1;1
TrafficJam;454;54;0,1;1
Oxigen;455;55;55;0,1;0,1;1
Temp;455;55;55;0,1;0,1;1
TrafficJam;455;55;0,1;1
Oxigen;456;56;56;0,1;0,1;1
Temp;456;56;56;0,1;0,1;1
TrafficJam;456;56;0,1;1
Oxigen;457;57;57;0,1;0,1;1
Temp;457;57;57;0,1;0,1;1
TrafficJam;457;57;0,1;1
Oxigen;458;58;58;0,1;0,1;1
Temp;458;58;58;0,1;0,1;1
TrafficJam;458;58;0,1;1
Oxigen;459;59;59;0,1;0,1;1
Temp;459;59;59;0,1;0,1;1
TrafficJam;459;59;0,1;1
Oxigen;460;60;60;0,1;0,1;1
Temp;460;60;60;0,1;0,1;1
TrafficJam;460;60;0,1;1
Oxigen;461;61;61;0,1;0,1;1
Temp;461;61;61;0,1;0,1;1
TrafficJam;461;61;0,1;1
Oxigen;462;62;62;0,1;0,1;1
Temp;462;62;62;0,1;0,1;1
TrafficJam;462;62;0,1;1
Oxigen;463;63;63;0,1;0,1;1
Temp;463;63;63;0,1;0,1;1
TrafficJam;463;63;0,1;1
Oxigen;464;64;64;0,1;0,1;1
Temp;464;64;64;0,1;0,1;1
TrafficJam;464;64;0,1;1
Oxigen;465;65;65;0,1;0,1;1
Temp;465;65;65;0,1;0,1;1
TrafficJam;465;65;0,1;1
Oxigen;466;66;66;0,1;0,1;1
Temp;466;66;66;0,1;0,1;1
TrafficJam;466;66;0,1;1
Oxigen;467;67;67;0,1;0,1;1
Temp;467;67;67;0,1;0,1;1
TrafficJam;467;67;0,1;1
Oxigen;468;68;68;0,1;0,1;1
Temp;468;68;68;0,1;0,1;1
TrafficJam;468;68;0,1;1
Oxigen;469;69;69;0,1;0,1;1
Temp;469;69;69;0,1;0,1;1
TrafficJam;469;69;0,1;1
Oxigen;470;70;70;0,1;0,1;1
Temp;470;70;70;0,1;0,1;1
TrafficJam;470;70;0,1;1
Oxigen;471;71;71;0,1;0,1;1
Temp;471;71;71;0,1;0,1;1
TrafficJam;471;71;0,1;1
Oxigen;472;72;72;0,1;0,1;1
Temp;472;72;72;0,1;0,1;1
TrafficJam;472;72;0,1;1
Oxigen;473;73;73;0,1;0,1;1
Temp;473;73;73;0,1;0,1;1
TrafficJam;473;73;0,1;1
Oxigen;474;74;74;0,1;0,1;1
Temp;474;74;74;0,1;0,1;1
TrafficJam;474;74;0,1;1
Oxigen;475;75;75;0,1;0,1;1
Temp;475;75;75;0,1;0,1;1
TrafficJam;475;75;0,1;1
Oxigen;476;76;76;0,1;0,1;1
Temp;476;76;76;0,1;0,1;1
TrafficJam;476;76;0,1;1
Oxigen;477;77;77;0,1;0,1;1
Temp;477;77;77;0,1;0,1;1
TrafficJam;477;77;0,1;1
Oxigen;478;78;78;0,1;0,1;1
Temp;478;78;78;0,1;0,1;1
TrafficJam;478;78;0,1;1
Oxigen;479;79;79;0,1;0,1;1
Temp;479;79;79;0,1;0,1;1
TrafficJam;479;79;0,1;1
Oxigen;480;80;80;0,1;0,1;1
Temp;480;80;80;0,1;0,1;1
TrafficJam;480;80;0,1;1
Oxigen;481;81;81;0,1;0,1;1
Temp;481;81;81;0,1;0,1;1
TrafficJam;481;81;0,1;1
Oxigen;482;82;82;0,1;0,1;1
Temp;482;82;82;0,1;0,1;1
TrafficJam;482;82;0,1;1
Oxigen;483;83;83;0,1;0,1;1
Temp;483;83;83;0,1;0,1;1
TrafficJam;483;83;0,1;1
Oxigen;484;84;84;0,1;0,1;1
Temp;484;84;84;0,1;0,1;1
TrafficJam;484;84;0,1;1
Oxigen;485;85;85;0,1;0,1;1
Temp;485;85;85;0,1;0,1;1
TrafficJam;485;85;0,1;1
Oxigen;486;86;86;0,1;0,1;1
Temp;486;86;86;0,1;0,1;1
TrafficJam;486;86;0,1;1
Oxigen;487;87;87;0,1;0,1;1
Temp;487;87;87;0,1;0,1;1
TrafficJam;487;87;0,1;1
Oxigen;488;88;88;0,1;0,1;1
Temp;488;88;88;0,1;0,1;1
TrafficJam;488;88;0,1;1
Oxigen;489;89;89;0,1;0,1;1
Temp;489;89;89;0,1;0,1;1
TrafficJam;489;89;0,1;1
Oxigen;490;90;90;0,1;0,1;1
Temp;490;90;90;0,1;0,1;1
TrafficJam;490;90;0,1;1
Oxigen;491;91;91;0,1;0,1;1
Temp;491;91;91;0,1;0,1;1
TrafficJam;491;91;0,1;1
Oxigen;492;92;92;0,1;0,1;1
Temp;492;92;92;0,1;0,1;1
TrafficJam;492;92;0,1;1
Oxigen;493;93;93;0,1;0,1;1
Temp;493;93;93;0,1;0,1;1
TrafficJam;493;93;0,1;1
Oxigen;494;94;94;0,1;0,1;1
Temp;494;94;94;0,1;0,1;1
TrafficJam;494;94;0,1;1
Oxigen;495;95;95;0,1;0,1;1
Temp;495;95;95;0,1;0,1;1
TrafficJam;495;95;0,1;1
Oxigen;496;96;96;0,1;0,1;1
Temp;496;96;96;0,1;0,1;1
TrafficJam;496;96;0,1;1
Oxigen;497;97;97;0,1;0,1;1
Temp;497;97;97;0,1;0,1;1
TrafficJam;497;97;0,1;1
Oxigen;498;98;98;0,1;0,1;1
Temp;498;98;98;0,1;0,1;1
TrafficJam;498;98;0,1;1
Oxigen;499;99;99;0,1;0,1;1
Temp;499;99;99;0,1;0,1;1
TrafficJam;499;99;0,1;1
Oxigen;500;100;100;0,1;0,1;1
Temp;500;100;100;0,1;0,1;1
TrafficJam;500;100;0,1;1
Oxigen;501;1;1;0,1;0,1;1
Temp;501;1;1;0,1;0,1;1
TrafficJam;501;1;0,1;1
Oxigen;502;2;2;0,1;0,1;1
Temp;502;2;2;0,1;0,1;1
TrafficJam;502;2;0,1;1
Oxigen;503;3;3;0,1;0,1;1
Temp;503;3;3;0,1;0,1;1
TrafficJam;503;3;0,1;1
Oxigen;504;4;4;0,1;0,1;1
Temp;504;4;4;0,1;0,1;1
TrafficJam;504;4;0,1;1
Oxigen;505;5;5;0,1;0,1;1
Temp;505;5;5;0,1;0,1;1
TrafficJam;505;5;0,1;1
Oxigen;506;6;6;0,1;0,1;1
Temp;506;6;6;0,1;0,1;1
TrafficJam;506;6;0,1;1
Oxigen;507;7;7;0,1;0,1;1
Temp;507;7;7;0,1;0,1;1
TrafficJam;507;7;0,1;1
Oxigen;508;8;8;0,1;0,1;1
Temp;508;8;8;0,1;0,1;1
TrafficJam;508;8;0,1;1
Oxigen;509;9;9;0,1;0,1;1
Temp;509;9;9;0,1;0,1;1
TrafficJam;509;9;0,1;1
Oxigen;510;10;10;0,1;0,1;1
Temp;510;10;10;0,1;0,1;1
TrafficJam;510;10;0,1;1
Oxigen;511;11;11;0,1;0,1;1
Temp;511;11;11;0,1;0,1;1
TrafficJam;511;11;0,1;1
Oxigen;512;12;12;0,1;0,1;1
Temp;512;12;12;0,1;0,1;1
TrafficJam;512;12;0,1;1
Oxigen;513;13;13;0,1;0,1;1
Temp;513;13;13;0,1;0,1;1
TrafficJam;513;13;0,1;1
Oxigen;514;14;14;0,1;0,1;1
Temp;514;14;14;0,1;0,1;1
TrafficJam;514;14;0,1;1
Oxigen;515;15;15;0,1;0,1;1
Temp;515;15;15;0,1;0,1;1
TrafficJam;515;15;0,1;1
Oxigen;516;16;16;0,1;0,1;1
Temp;516;16;16;0,1;0,1;1
TrafficJam;516;16;0,1;1
Oxigen;517;17;17;0,1;0,1;1
Temp;517;17;17;0,1;0,1;1
TrafficJam;517;17;0,1;1
Oxigen;518;18;18;0,1;0,1;1
Temp;518;18;18;0,1;0,1;1
TrafficJam;518;18;0,1;1
Oxigen;519;19;19;0,1;0,1;1
Temp;519;19;19;0,1;0,1;1
TrafficJam;519;19;0,1;1
Oxigen;520;20;20;0,1;0,1;1
Temp;520;20;20;0,1;0,1;1
TrafficJam;520;20;0,1;1
Oxigen;521;21;21;0,1;0,1;1
Temp;521;21;21;0,1;0,1;1
TrafficJam;521;21;0,1;1
Oxigen;522;22;22;0,1;0,1;1
Temp;522;22;22;0,1;0,1;1
TrafficJam;522;22;0,1;1
Oxigen;523;23;23;0,1;0,1;1
Temp;523;23;23;0,1;0,1;1
TrafficJam;523;23;0,1;1
Oxigen;524;24;24;0,1;0,1;1
Temp;524;24;24;0,1;0,1;1
TrafficJam;524;24;0,1;1
Oxigen;525;25;25;0,1;0,1;1
Temp;525;25;25;0,1;0,1;1
TrafficJam;525;25;0,1;1
Oxigen;526;26;26;0,1;0,1;1
Temp;526;26;26;0,1;0,1;1
TrafficJam;526;26;0,1;1
Oxigen;527;27;27;0,1;0,1;1
Temp;527;27;27;0,1;0,1;1
TrafficJam;527;27;0,1;1
Oxigen;528;28;28;0,1;0,1;1
Temp;528;28;28;0,1;0,1;1
TrafficJam;528;28;0,1;1
Oxigen;529;29;29;0,1;0,1;1
Temp;529;29;29;0,1;0,1;1
TrafficJam;529;29;0,1;1
Oxigen;530;30;30;0,1;0,1;1
Temp;530;30;30;0,1;0,1;1
TrafficJam;530;30;0,1;1
Oxigen;531;31;31;0,1;0,1;1
Temp;531;31;31;0,1;0,1;1
TrafficJam;531;31;0,1;1
Oxigen;532;32;32;0,1;0,1;1
Temp;532;32;32;0,1;0,1;1
TrafficJam;532;32;0,1;1
Oxigen;533;33;33;0,1;0,1;1
Temp;533;33;33;0,1;0,1;1
TrafficJam;533;33;0,1;1
Oxigen;534;34;34;0,1;0,1;1
Temp;534;34;34;0,1;0,1;1
TrafficJam;534;34;0,1;1
Oxigen;535;35;35;0,1;0,1;1
Temp;535;35;35;0,1;0,1;1
TrafficJam;535;35;0,1;1
Oxigen;536;36;36;0,1;0,1;1
Temp;536;36;36;0,1;0,1;1
TrafficJam;536;36;0,1;1
Oxigen;537;37;37;0,1;0,1;1
Temp;537;37;37;0,1;0,1;1
TrafficJam;537;37;0,1;1
Oxigen;538;38;38;0,1;0,1;1
Temp;538;38;38;0,1;0,1;1
TrafficJam;538;38;0,1;1
Oxigen;539;39;39;0,1;0,1;1
Temp;539;39;39;0,1;0,1;1
TrafficJam;539;39;0,1;1
Oxigen;540;40;40;0,1;0,1;1
Temp;540;40;40;0,1;0,1;1
TrafficJam;540;40;0,1;1
Oxigen;541;41;41;0,1;0,1;1
Temp;541;41;41;0,1;0,1;1
TrafficJam;541;41;0,1;1
Oxigen;542;42;42;0,1;0,1;1
Temp;542;42;42;0,1;0,1;1
TrafficJam;542;42;0,1;1
Oxigen;543;43;43;0,1;0,1;1
Temp;543;43;43;0,1;0,1;1
TrafficJam;543;43;0,1;1
Oxigen;544;44;44;0,1;0,1;1
Temp;544;44;44;0,1;0,1;1
TrafficJam;544;44;0,1;1
Oxigen;545;45;45;0,1;0,1;1
Temp;545;45;45;0,1;0,1;1
TrafficJam;545;45;0,1;1
Oxigen;546;46;46;0,1;0,1;1
Temp;546;46;46;0,1;0,1;1
TrafficJam;546;46;0,1;1
Oxigen;547;47;47;0,1;0,1;1
Temp;547;47;47;0,1;0,1;1
TrafficJam;547;47;0,1;1
Oxigen;548;48;48;0,1;0,1;1
Temp;548;48;48;0,1;0,1;1
TrafficJam;548;48;0,1;1
Oxigen;549;49;49;0,1;0,1;1
Temp;549;49;49;0,1;0,1;1
TrafficJam;549;49;0,1;1
Oxigen;550;50;50;0,1;0,1;1
Temp;550;50;50;0,1;0,1;1
TrafficJam;550;50;0,1;1
Oxigen;551;51;51;0,1;0,1;1
Temp;551;51;51;0,1;0,1;1
TrafficJam;551;51;0,1;1
Oxigen;552;52;52;0,1;0,1;1
Temp;552;52;52;0,1;0,1;1
TrafficJam;552;52;0,1;1
Oxigen;553;53;53;0,1;0,1;1
Temp;553;53;53;0,1;0,1;1
TrafficJam;553;53;0,1;1
Oxigen;554;54;54;0,1;0,1;1
Temp;554;54;54;0,1;0,1;1
TrafficJam;554;54;0,1;1
Oxigen;555;55;55;0,1;0,1;1
Temp;555;55;55;0,1;0,1;1
TrafficJam;555;55;0,1;1
Oxigen;556;56;56;0,1;0,1;1
Temp;556;56;56;0,1;0,1;1
TrafficJam;556;56;0,1;1
Oxigen;557;57;57;0,1;0,1;1
Temp;557;57;57;0,1;0,1;1
TrafficJam;557;57;0,1;1
Oxigen;558;58;58;0,1;0,1;1
Temp;558;58;58;0,1;0,1;1
TrafficJam;558;58;0,1;1
Oxigen;559;59;59;0,1;0,1;1
Temp;559;59;59;0,1;0,1;1
TrafficJam;559;59;0,1;1
Oxigen;560;60;60;0,1;0,1;1
Temp;560;60;60;0,1;0,1;1
TrafficJam;560;60;0,1;1
Oxigen;561;61;61;0,1;0,1;1
Temp;561;61;61;0,1;0,1;1
TrafficJam;561;61;0,1;1
Oxigen;562;62;62;0,1;0,1;1
Temp;562;62;62;0,1;0,1;1
TrafficJam;562;62;0,1;1
Oxigen;563;63;63;0,1;0,1;1
Temp;563;63;63;0,1;0,1;1
TrafficJam;563;63;0,1;1
Oxigen;564;64;64;0,1;0,1;1
Temp;564;64;64;0,1;0,1;1
TrafficJam;564;64;0,1;1
Oxigen;565;65;65;0,1;0,1;1
Temp;565;65;65;0,1;0,1;1
TrafficJam;565;65;0,1;1
Oxigen;566;66;66;0,1;0,1;1
Temp;566;66;66;0,1;0,1;1
TrafficJam;566;66;0,1;1
Oxigen;567;67;67;0,1;0,1;1
Temp;567;67;67;0,1;0,1;1
TrafficJam;567;67;0,1;1
Oxigen;568;68;68;0,1;0,1;1
Temp;568;68;68;0,1;0,1;1
TrafficJam;568;68;0,1;1
Oxigen;569;69;69;0,1;0,1;1
Temp;569;69;69;0,1;0,1;1
TrafficJam;569;69;0,1;1
Oxigen;570;70;70;0,1;0,1;1
Temp;570;70;70;0,1;0,1;1
TrafficJam;570;70;0,1;1
Oxigen;571;71;71;0,1;0,1;1
Temp;571;71;71;0,1;0,1;1
TrafficJam;571;71;0,1;1
Oxigen;572;72;72;0,1;0,1;1
Temp;572;72;72;0,1;0,1;1
TrafficJam;572;72;0,1;1
Oxigen;573;73;73;0,1;0,1;1
Temp;573;73;73;0,1;0,1;1
TrafficJam;573;73;0,1;1
Oxigen;574;74;74;0,1;0,1;1
Temp;574;74;74;0,1;0,1;1
TrafficJam;574;74;0,1;1
Oxigen;575;75;75;0,1;0,1;1
Temp;575;75;75;0,1;0,1;1
TrafficJam;575;75;0,1;1
Oxigen;576;76;76;0,1;0,1;1
Temp;576;76;76;0,1;0,1;1
TrafficJam;576;76;0,1;1
Oxigen;577;77;77;0,1;0,1;1
Temp;577;77;77;0,1;0,1;1
TrafficJam;577;77;0,1;1
Oxigen;578;78;78;0,1;0,1;1
Temp;578;78;78;0,1;0,1;1
TrafficJam;578;78;0,1;1
Oxigen;579;79;79;0,1;0,1;1
Temp;579;79;79;0,1;0,1;1
TrafficJam;579;79;0,1;1
Oxigen;580;80;80;0,1;0,1;1
Temp;580;80;80;0,1;0,1;1
TrafficJam;580;80;0,1;1
Oxigen;581;81;81;0,1;0,1;1
Temp;581;81;81;0,1;0,1;1
TrafficJam;581;81;0,1;1
Oxigen;582;82;82;0,1;0,1;1
Temp;582;82;82;0,1;0,1;1
TrafficJam;582;82;0,1;1
Oxigen;583;83;83;0,1;0,1;1
Temp;583;83;83;0,1;0,1;1
TrafficJam;583;83;0,1;1
Oxigen;584;84;84;0,1;0,1;1
Temp;584;84;84;0,1;0,1;1
TrafficJam;584;84;0,1;1
Oxigen;585;85;85;0,1;0,1;1
Temp;585;85;85;0,1;0,1;1
TrafficJam;585;85;0,1;1
Oxigen;586;86;86;0,1;0,1;1
Temp;586;86;86;0,1;0,1;1
TrafficJam;586;86;0,1;1
Oxigen;587;87;87;0,1;0,1;1
Temp;587;87;87;0,1;0,1;1
TrafficJam;587;87;0,1;1
Oxigen;588;88;88;0,1;0,1;1
Temp;588;88;88;0,1;0,1;1
TrafficJam;588;88;0,1;1
Oxigen;589;89;89;0,1;0,1;1
Temp;589;89;89;0,1;0,1;1
TrafficJam;589;89;0,1;1
Oxigen;590;90;90;0,1;0,1;1
Temp;590;90;90;0,1;0,1;1
TrafficJam;590;90;0,1;1
Oxigen;591;91;91;0,1;0,1;1
Temp;591;91;91;0,1;0,1;1
TrafficJam;591;91;0,1;1
Oxigen;592;92;92;0,1;0,1;1
Temp;592;92;92;0,1;0,1;1
TrafficJam;592;92;0,1;1
Oxigen;593;93;93;0,1;0,1;1
Temp;593;93;93;0,1;0,1;1
TrafficJam;593;93;0,1;1
Oxigen;594;94;94;0,1;0,1;1
Temp;594;94;94;0,1;0,1;1
TrafficJam;594;94;0,1;1
Oxigen;595;95;95;0,1;0,1;1
Temp;595;95;95;0,1;0,1;1
TrafficJam;595;95;0,1;1
Oxigen;596;96;96;0,1;0,1;1
Temp;596;96;96;0,1;0,1;1
TrafficJam;596;96;0,1;1
Oxigen;597;97;97;0,1;0,1;1
Temp;597;97;97;0,1;0,1;1
TrafficJam;597;97;0,1;1
Oxigen;598;98;98;0,1;0,1;1
Temp;598;98;98;0,1;0,1;1
TrafficJam;598;98;0,1;1
Oxigen;599;99;99;0,1;0,1;1
Temp;599;99;99;0,1;0,1;1
TrafficJam;599;99;0,1;1
Oxigen;600;100;100;0,1;0,1;1
Temp;600;100;100;0,1;0,1;1
TrafficJam;600;100;0,1;1
Oxigen;601;1;1;0,1;0,1;1
Temp;601;1;1;0,1;0,1;1
TrafficJam;601;1;0,1;1
Oxigen;602;2;2;0,1;0,1;1
Temp;602;2;2;0,1;0,1;1
TrafficJam;602;2;0,1;1
Oxigen;603;3;3;0,1;0,1;1
Temp;603;3;3;0,1;0,1;1
TrafficJam;603;3;0,1;1
Oxigen;604;4;4;0,1;0,1;1
Temp;604;4;4;0,1;0,1;1
TrafficJam;604;4;0,1;1
Oxigen;605;5;5;0,1;0,1;1
Temp;605;5;5;0,1;0,1;1
TrafficJam;605;5;0,1;1
Oxigen;606;6;6;0,1;0,1;1
Temp;606;6;6;0,1;0,1;1
TrafficJam;606;6;0,1;1
Oxigen;607;7;7;0,1;0,1;1
Temp;607;7;7;0,1;0,1;1
TrafficJam;607;7;0,1;1
Oxigen;608;8;8;0,1;0,1;1
Temp;608;8;8;0,1;0,1;1
TrafficJam;608;8;0,1;1
Oxigen;609;9;9;0,1;0,1;1
Temp;609;9;9;0,1;0,1;1
TrafficJam;609;9;0,1;1
Oxigen;610;10;10;0,1;0,1;1
Temp;610;10;10;0,1;0,1;1
TrafficJam;610;10;0,1;1
Oxigen;611;11;11;0,1;0,1;1
Temp;611;11;11;0,1;0,1;1
TrafficJam;611;11;0,1;1
Oxigen;612;12;12;0,1;0,1;1
Temp;612;12;12;0,1;0,1;1
TrafficJam;612;12;0,1;1
Oxigen;613;13;13;0,1;0,1;1
Temp;613;13;13;0,1;0,1;1
TrafficJam;613;13;0,1;1
Oxigen;614;14;14;0,1;0,1;1
Temp;614;14;14;0,1;0,1;1
TrafficJam;614;14;0,1;1
Oxigen;615;15;15;0,1;0,1;1
Temp;615;15;15;0,1;0,1;1
TrafficJam;615;15;0,1;1
Oxigen;616;16;16;0,1;0,1;1
Temp;616;16;16;0,1;0,1;1
TrafficJam;616;16;0,1;1
Oxigen;617;17;17;0,1;0,1;1
Temp;617;17;17;0,1;0,1;1
TrafficJam;617;17;0,1;1
Oxigen;618;18;18;0,1;0,1;1
Temp;618;18;18;0,1;0,1;1
TrafficJam;618;18;0,1;1
Oxigen;619;19;19;0,1;0,1;1
Temp;619;19;19;0,1;0,1;1
TrafficJam;619;19;0,1;1
Oxigen;620;20;20;0,1;0,1;1
Temp;620;20;20;0,1;0,1;1
TrafficJam;620;20;0,1;1
Oxigen;621;21;21;0,1;0,1;1
Temp;621;21;21;0,1;0,1;1
TrafficJam;621;21;0,1;1
Oxigen;622;22;22;0,1;0,1;1
Temp;622;22;22;0,1;0,1;1
TrafficJam;622;22;0,1;1
Oxigen;623;23;23;0,1;0,1;1
Temp;623;23;23;0,1;0,1;1
TrafficJam;623;23;0,1;1
Oxigen;624;24;24;0,1;0,1;1
Temp;624;24;24;0,1;0,1;1
TrafficJam;624;24;0,1;1
Oxigen;625;25;25;0,1;0,1;1
Temp;625;25;25;0,1;0,1;1
TrafficJam;625;25;0,1;1
Oxigen;626;26;26;0,1;0,1;1
Temp;626;26;26;0,1;0,1;1
TrafficJam;626;26;0,1;1
Oxigen;627;27;27;0,1;0,1;1
Temp;627;27;27;0,1;0,1;1
TrafficJam;627;27;0,1;1
Oxigen;628;28;28;0,1;0,1;1
Temp;628;28;28;0,1;0,1;1
TrafficJam;628;28;0,1;1
Oxigen;629;29;29;0,1;0,1;1
Temp;629;29;29;0,1;0,1;1
TrafficJam;629;29;0,1;1
Oxigen;630;30;30;0,1;0,1;1
Temp;630;30;30;0,1;0,1;1
TrafficJam;630;30;0,1;1
Oxigen;631;31;31;0,1;0,1;1
Temp;631;31;31;0,1;0,1;1
TrafficJam;631;31;0,1;1
Oxigen;632;32;32;0,1;0,1;1
Temp;632;32;32;0,1;0,1;1
TrafficJam;632;32;0,1;1
Oxigen;633;33;33;0,1;0,1;1
Temp;633;33;33;0,1;0,1;1
TrafficJam;633;33;0,1;1
Oxigen;634;34;34;0,1;0,1;1
Temp;634;34;34;0,1;0,1;1
TrafficJam;634;34;0,1;1
Oxigen;635;35;35;0,1;0,1;1
Temp;635;35;35;0,1;0,1;1
TrafficJam;635;35;0,1;1
Oxigen;636;36;36;0,1;0,1;1
Temp;636;36;36;0,1;0,1;1
TrafficJam;636;36;0,1;1
Oxigen;637;37;37;0,1;0,1;1
Temp;637;37;37;0,1;0,1;1
TrafficJam;637;37;0,1;1
Oxigen;638;38;38;0,1;0,1;1
Temp;638;38;38;0,1;0,1;1
TrafficJam;638;38;0,1;1
Oxigen;639;39;39;0,1;0,1;1
Temp;639;39;39;0,1;0,1;1
TrafficJam;639;39;0,1;1
Oxigen;640;40;40;0,1;0,1;1
Temp;640;40;40;0,1;0,1;1
TrafficJam;640;40;0,1;1
Oxigen;641;41;41;0,1;0,1;1
Temp;641;41;41;0,1;0,1;1
TrafficJam;641;41;0,1;1
Oxigen;642;42;42;0,1;0,1;1
Temp;642;42;42;0,1;0,1;1
TrafficJam;642;42;0,1;1
Oxigen;643;43;43;0,1;0,1;1
Temp;643;43;43;0,1;0,1;1
TrafficJam;643;43;0,1;1
Oxigen;644;44;44;0,1;0,1;1
Temp;644;44;44;0,1;0,1;1
TrafficJam;644;44;0,1;1
Oxigen;645;45;45;0,1;0,1;1
Temp;645;45;45;0,1;0,1;1
TrafficJam;645;45;0,1;1
Oxigen;646;46;46;0,1;0,1;1
Temp;646;46;46;0,1;0,1;1
TrafficJam;646;46;0,1;1
Oxigen;647;47;47;0,1;0,1;1
Temp;647;47;47;0,1;0,1;1
TrafficJam;647;47;0,1;1
Oxigen;648;48;48;0,1;0,1;1
Temp;648;48;48;0,1;0,1;1
TrafficJam;648;48;0,1;1
Oxigen;649;49;49;0,1;0,1;1
Temp;649;49;49;0,1;0,1;1
TrafficJam;649;49;0,1;1
Oxigen;650;50;50;0,1;0,1;1
Temp;650;50;50;0,1;0,1;1
TrafficJam;650;50;0,1;1
Oxigen;651;51;51;0,1;0,1;1
Temp;651;51;51;0,1;0,1;1
TrafficJam;651;51;0,1;1
Oxigen;652;52;52;0,1;0,1;1
Temp;652;52;52;0,1;0,1;1
TrafficJam;652;52;0,1;1
Oxigen;653;53;53;0,1;0,1;1
Temp;653;53;53;0,1;0,1;1
TrafficJam;653;53;0,1;1
Oxigen;654;54;54;0,1;0,1;1
Temp;654;54;54;0,1;0,1;1
TrafficJam;654;54;0,1;1
Oxigen;655;55;55;0,1;0,1;1
Temp;655;55;55;0,1;0,1;1
TrafficJam;655;55;0,1;1
Oxigen;656;56;56;0,1;0,1;1
Temp;656;56;56;0,1;0,1;1
TrafficJam;656;56;0,1;1
Oxigen;657;57;57;0,1;0,1;1
Temp;657;57;57;0,1;0,1;1
TrafficJam;657;57;0,1;1
Oxigen;658;58;58;0,1;0,1;1
Temp;658;58;58;0,1;0,1;1
TrafficJam;658;58;0,1;1
Oxigen;659;59;59;0,1;0,1;1
Temp;659;59;59;0,1;0,1;1
TrafficJam;659;59;0,1;1
Oxigen;660;60;60;0,1;0,1;1
Temp;660;60;60;0,1;0,1;1
TrafficJam;660;60;0,1;1
Oxigen;661;61;61;0,1;0,1;1
Temp;661;61;61;0,1;0,1;1
TrafficJam;661;61;0,1;1
Oxigen;662;62;62;0,1;0,1;1
Temp;662;62;62;0,1;0,1;1
TrafficJam;662;62;0,1;1
Oxigen;663;63;63;0,1;0,1;1
Temp;663;63;63;0,1;0,1;1
TrafficJam;663;63;0,1;1
Oxigen;664;64;64;0,1;0,1;1
Temp;664;64;64;0,1;0,1;1
TrafficJam;664;64;0,1;1
Oxigen;665;65;65;0,1;0,1;1
Temp;665;65;65;0,1;0,1;1
TrafficJam;665;65;0,1;1
Oxigen;666;66;66;0,1;0,1;1
Temp;666;66;66;0,1;0,1;1
TrafficJam;666;66;0,1;1
Oxigen;667;67;67;0,1;0,1;1
Temp;667;67;67;0,1;0,1;1
TrafficJam;667;67;0,1;1
Oxigen;668;68;68;0,1;0,1;1
Temp;668;68;68;0,1;0,1;1
TrafficJam;668;68;0,1;1
Oxigen;669;69;69;0,1;0,1;1
Temp;669;69;69;0,1;0,1;1
TrafficJam;669;69;0,1;1
Oxigen;670;70;70;0,1;0,1;1
Temp;670;70;70;0,1;0,1;1
TrafficJam;670;70;0,1;1
Oxigen;671;71;71;0,1;0,1;1
Temp;671;71;71;0,1;0,1;1
TrafficJam;671;71;0,1;1
Oxigen;672;72;72;0,1;0,1;1
Temp;672;72;72;0,1;0,1;1
TrafficJam;672;72;0,1;1
Oxigen;673;73;73;0,1;0,1;1
Temp;673;73;73;0,1;0,1;1
TrafficJam;673;73;0,1;1
Oxigen;674;74;74;0,1;0,1;1
Temp;674;74;74;0,1;0,1;1
TrafficJam;674;74;0,1;1
Oxigen;675;75;75;0,1;0,1;1
Temp;675;75;75;0,1;0,1;1
TrafficJam;675;75;0,1;1
Oxigen;676;76;76;0,1;0,1;1
Temp;676;76;76;0,1;0,1;1
TrafficJam;676;76;0,1;1
Oxigen;677;77;77;0,1;0,1;1
Temp;677;77;77;0,1;0,1;1
TrafficJam;677;77;0,1;1
Oxigen;678;78;78;0,1;0,1;1
Temp;678;78;78;0,1;0,1;1
TrafficJam;678;78;0,1;1
Oxigen;679;79;79;0,1;0,1;1
Temp;679;79;79;0,1;0,1;1
TrafficJam;679;79;0,1;1
Oxigen;680;80;80;0,1;0,1;1
Temp;680;80;80;0,1;0,1;1
TrafficJam;680;80;0,1;1
Oxigen;681;81;81;0,1;0,1;1
Temp;681;81;81;0,1;0,1;1
TrafficJam;681;81;0,1;1
Oxigen;682;82;82;0,1;0,1;1
Temp;682;82;82;0,1;0,1;1
TrafficJam;682;82;0,1;1
Oxigen;683;83;83;0,1;0,1;1
Temp;683;83;83;0,1;0,1;1
TrafficJam;683;83;0,1;1
Oxigen;684;84;84;0,1;0,1;1
Temp;684;84;84;0,1;0,1;1
TrafficJam;684;84;0,1;1
Oxigen;685;85;85;0,1;0,1;1
Temp;685;85;85;0,1;0,1;1
TrafficJam;685;85;0,1;1
Oxigen;686;86;86;0,1;0,1;1
Temp;686;86;86;0,1;0,1;1
TrafficJam;686;86;0,1;1
Oxigen;687;87;87;0,1;0,1;1
Temp;687;87;87;0,1;0,1;1
TrafficJam;687;87;0,1;1
Oxigen;688;88;88;0,1;0,1;1
Temp;688;88;88;0,1;0,1;1
TrafficJam;688;88;0,1;1
Oxigen;689;89;89;0,1;0,1;1
Temp;689;89;89;0,1;0,1;1
TrafficJam;689;89;0,1;1
Oxigen;690;90;90;0,1;0,1;1
Temp;690;90;90;0,1;0,1;1
TrafficJam;690;90;0,1;1
Oxigen;691;91;91;0,1;0,1;1
Temp;691;91;91;0,1;0,1;1
TrafficJam;691;91;0,1;1
Oxigen;692;92;92;0,1;0,1;1
Temp;692;92;92;0,1;0,1;1
TrafficJam;692;92;0,1;1
Oxigen;693;93;93;0,1;0,1;1
Temp;693;93;93;0,1;0,1;1
TrafficJam;693;93;0,1;1
Oxigen;694;94;94;0,1;0,1;1
Temp;694;94;94;0,1;0,1;1
TrafficJam;694;94;0,1;1
Oxigen;695;95;95;0,1;0,1;1
Temp;695;95;95;0,1;0,1;1
TrafficJam;695;95;0,1;1
Oxigen;696;96;96;0,1;0,1;1
Temp;696;96;96;0,1;0,1;1
TrafficJam;696;96;0,1;1
Oxigen;697;97;97;0,1;0,1;1
Temp;697;97;97;0,1;0,1;1
TrafficJam;697;97;0,1;1
Oxigen;698;98;98;0,1;0,1;1
Temp;698;98;98;0,1;0,1;1
TrafficJam;698;98;0,1;1
Oxigen;699;99;99;0,1;0,1;1
Temp;699;99;99;0,1;0,1;1
TrafficJam;699;99;0,1;1
Oxigen;700;100;100;0,1;0,1;1
Temp;700;100;100;0,1;0,1;1
TrafficJam;700;100;0,1;1
Oxigen;701;1;1;0,1;0,1;1
Temp;701;1;1;0,1;0,1;1
TrafficJam;701;1;0,1;1
Oxigen;702;2;2;0,1;0,1;1
Temp;702;2;2;0,1;0,1;1
TrafficJam;702;2;0,1;1
Oxigen;703;3;3;0,1;0,1;1
Temp;703;3;3;0,1;0,1;1
TrafficJam;703;3;0,1;1
Oxigen;704;4;4;0,1;0,1;1
Temp;704;4;4;0,1;0,1;1
TrafficJam;704;4;0,1;1
Oxigen;705;5;5;0,1;0,1;1
Temp;705;5;5;0,1;0,1;1
TrafficJam;705;5;0,1;1
Oxigen;706;6;6;0,1;0,1;1
Temp;706;6;6;0,1;0,1;1
TrafficJam;706;6;0,1;1
Oxigen;707;7;7;0,1;0,1;1
Temp;707;7;7;0,1;0,1;1
TrafficJam;707;7;0,1;1
Oxigen;708;8;8;0,1;0,1;1
Temp;708;8;8;0,1;0,1;1
TrafficJam;708;8;0,1;1
Oxigen;709;9;9;0,1;0,1;1
Temp;709;9;9;0,1;0,1;1
TrafficJam;709;9;0,1;1
Oxigen;710;10;10;0,1;0,1;1
Temp;710;10;10;0,1;0,1;1
TrafficJam;710;10;0,1;1
Oxigen;711;11;11;0,1;0,1;1
Temp;711;11;11;0,1;0,1;1
TrafficJam;711;11;0,1;1
Oxigen;712;12;12;0,1;0,1;1
Temp;712;12;12;0,1;0,1;1
TrafficJam;712;12;0,1;1
Oxigen;713;13;13;0,1;0,1;1
Temp;713;13;13;0,1;0,1;1
TrafficJam;713;13;0,1;1
Oxigen;714;14;14;0,1;0,1;1
Temp;714;14;14;0,1;0,1;1
TrafficJam;714;14;0,1;1
Oxigen;715;15;15;0,1;0,1;1
Temp;715;15;15;0,1;0,1;1
TrafficJam;715;15;0,1;1
Oxigen;716;16;16;0,1;0,1;1
Temp;716;16;16;0,1;0,1;1
TrafficJam;716;16;0,1;1
Oxigen;717;17;17;0,1;0,1;1
Temp;717;17;17;0,1;0,1;1
TrafficJam;717;17;0,1;1
Oxigen;718;18;18;0,1;0,1;1
Temp;718;18;18;0,1;0,1;1
TrafficJam;718;18;0,1;1
Oxigen;719;19;19;0,1;0,1;1
Temp;719;19;19;0,1;0,1;1
TrafficJam;719;19;0,1;1
Oxigen;720;20;20;0,1;0,1;1
Temp;720;20;20;0,1;0,1;1
TrafficJam;720;20;0,1;1
Oxigen;721;21;21;0,1;0,1;1
Temp;721;21;21;0,1;0,1;1
TrafficJam;721;21;0,1;1
Oxigen;722;22;22;0,1;0,1;1
Temp;722;22;22;0,1;0,1;1
TrafficJam;722;22;0,1;1
Oxigen;723;23;23;0,1;0,1;1
Temp;723;23;23;0,1;0,1;1
TrafficJam;723;23;0,1;1
Oxigen;724;24;24;0,1;0,1;1
Temp;724;24;24;0,1;0,1;1
TrafficJam;724;24;0,1;1
Oxigen;725;25;25;0,1;0,1;1
Temp;725;25;25;0,1;0,1;1
TrafficJam;725;25;0,1;1
Oxigen;726;26;26;0,1;0,1;1
Temp;726;26;26;0,1;0,1;1
TrafficJam;726;26;0,1;1
Oxigen;727;27;27;0,1;0,1;1
Temp;727;27;27;0,1;0,1;1
TrafficJam;727;27;0,1;1
Oxigen;728;28;28;0,1;0,1;1
Temp;728;28;28;0,1;0,1;1
TrafficJam;728;28;0,1;1
Oxigen;729;29;29;0,1;0,1;1
Temp;729;29;29;0,1;0,1;1
TrafficJam;729;29;0,1;1
Oxigen;730;30;30;0,1;0,1;1
Temp;730;30;30;0,1;0,1;1
TrafficJam;730;30;0,1;1
Oxigen;731;31;31;0,1;0,1;1
Temp;731;31;31;0,1;0,1;1
TrafficJam;731;31;0,1;1
Oxigen;732;32;32;0,1;0,1;1
Temp;732;32;32;0,1;0,1;1
TrafficJam;732;32;0,1;1
Oxigen;733;33;33;0,1;0,1;1
Temp;733;33;33;0,1;0,1;1
TrafficJam;733;33;0,1;1
Oxigen;734;34;34;0,1;0,1;1
Temp;734;34;34;0,1;0,1;1
TrafficJam;734;34;0,1;1
Oxigen;735;35;35;0,1;0,1;1
Temp;735;35;35;0,1;0,1;1
TrafficJam;735;35;0,1;1
Oxigen;736;36;36;0,1;0,1;1
Temp;736;36;36;0,1;0,1;1
TrafficJam;736;36;0,1;1
Oxigen;737;37;37;0,1;0,1;1
Temp;737;37;37;0,1;0,1;1
TrafficJam;737;37;0,1;1
Oxigen;738;38;38;0,1;0,1;1
Temp;738;38;38;0,1;0,1;1
TrafficJam;738;38;0,1;1
Oxigen;739;39;39;0,1;0,1;1
Temp;739;39;39;0,1;0,1;1
TrafficJam;739;39;0,1;1
Oxigen;740;40;40;0,1;0,1;1
Temp;740;40;40;0,1;0,1;1
TrafficJam;740;40;0,1;1
Oxigen;741;41;41;0,1;0,1;1
Temp;741;41;41;0,1;0,1;1
TrafficJam;741;41;0,1;1
Oxigen;742;42;42;0,1;0,1;1
Temp;742;42;42;0,1;0,1;1
TrafficJam;742;42;0,1;1
Oxigen;743;43;43;0,1;0,1;1
Temp;743;43;43;0,1;0,1;1
TrafficJam;743;43;0,1;1
Oxigen;744;44;44;0,1;0,1;1
Temp;744;44;44;0,1;0,1;1
TrafficJam;744;44;0,1;1
Oxigen;745;45;45;0,1;0,1;1
Temp;745;45;45;0,1;0,1;1
TrafficJam;745;45;0,1;1
Oxigen;746;46;46;0,1;0,1;1
Temp;746;46;46;0,1;0,1;1
TrafficJam;746;46;0,1;1
Oxigen;747;47;47;0,1;0,1;1
Temp;747;47;47;0,1;0,1;1
TrafficJam;747;47;0,1;1
Oxigen;748;48;48;0,1;0,1;1
Temp;748;48;48;0,1;0,1;1
TrafficJam;748;48;0,1;1
Oxigen;749;49;49;0,1;0,1;1
Temp;749;49;49;0,1;0,1;1
TrafficJam;749;49;0,1;1
Oxigen;750;50;50;0,1;0,1;1
Temp;750;50;50;0,1;0,1;1
TrafficJam;750;50;0,1;1
Oxigen;751;51;51;0,1;0,1;1
Temp;751;51;51;0,1;0,1;1
TrafficJam;751;51;0,1;1
Oxigen;752;52;52;0,1;0,1;1
Temp;752;52;52;0,1;0,1;1
TrafficJam;752;52;0,1;1
Oxigen;753;53;53;0,1;0,1;1
Temp;753;53;53;0,1;0,1;1
TrafficJam;753;53;0,1;1
Oxigen;754;54;54;0,1;0,1;1
Temp;754;54;54;0,1;0,1;1
TrafficJam;754;54;0,1;1
Oxigen;755;55;55;0,1;0,1;1
Temp;755;55;55;0,1;0,1;1
TrafficJam;755;55;0,1;1
Oxigen;756;56;56;0,1;0,1;1
Temp;756;56;56;0,1;0,1;1
TrafficJam;756;56;0,1;1
Oxigen;757;57;57;0,1;0,1;1
Temp;757;57;57;0,1;0,1;1
TrafficJam;757;57;0,1;1
Oxigen;758;58;58;0,1;0,1;1
Temp;758;58;58;0,1;0,1;1
TrafficJam;758;58;0,1;1
Oxigen;759;59;59;0,1;0,1;1
Temp;759;59;59;0,1;0,1;1
TrafficJam;759;59;0,1;1
Oxigen;760;60;60;0,1;0,1;1
Temp;760;60;60;0,1;0,1;1
TrafficJam;760;60;0,1;1
Oxigen;761;61;61;0,1;0,1;1
Temp;761;61;61;0,1;0,1;1
TrafficJam;761;61;0,1;1
Oxigen;762;62;62;0,1;0,1;1
Temp;762;62;62;0,1;0,1;1
TrafficJam;762;62;0,1;1
Oxigen;763;63;63;0,1;0,1;1
Temp;763;63;63;0,1;0,1;1
TrafficJam;763;63;0,1;1
Oxigen;764;64;64;0,1;0,1;1
Temp;764;64;64;0,1;0,1;1
TrafficJam;764;64;0,1;1
Oxigen;765;65;65;0,1;0,1;1
Temp;765;65;65;0,1;0,1;1
TrafficJam;765;65;0,1;1
Oxigen;766;66;66;0,1;0,1;1
Temp;766;66;66;0,1;0,1;1
TrafficJam;766;66;0,1;1
Oxigen;767;67;67;0,1;0,1;1
Temp;767;67;67;0,1;0,1;1
TrafficJam;767;67;0,1;1
Oxigen;768;68;68;0,1;0,1;1
Temp;768;68;68;0,1;0,1;1
TrafficJam;768;68;0,1;1
Oxigen;769;69;69;0,1;0,1;1
Temp;769;69;69;0,1;0,1;1
TrafficJam;769;69;0,1;1
Oxigen;770;70;70;0,1;0,1;1
Temp;770;70;70;0,1;0,1;1
TrafficJam;770;70;0,1;1
Oxigen;771;71;71;0,1;0,1;1
Temp;771;71;71;0,1;0,1;1
TrafficJam;771;71;0,1;1
Oxigen;772;72;72;0,1;0,1;1
Temp;772;72;72;0,1;0,1;1
TrafficJam;772;72;0,1;1
Oxigen;773;73;73;0,1;0,1;1
Temp;773;73;73;0,1;0,1;1
TrafficJam;773;73;0,1;1
Oxigen;774;74;74;0,1;0,1;1
Temp;774;74;74;0,1;0,1;1
TrafficJam;774;74;0,1;1
Oxigen;775;75;75;0,1;0,1;1
Temp;775;75;75;0,1;0,1;1
TrafficJam;775;75;0,1;1
Oxigen;776;76;76;0,1;0,1;1
Temp;776;76;76;0,1;0,1;1
TrafficJam;776;76;0,1;1
Oxigen;777;77;77;0,1;0,1;1
Temp;777;77;77;0,1;0,1;1
TrafficJam;777;77;0,1;1
Oxigen;778;78;78;0,1;0,1;1
Temp;778;78;78;0,1;0,1;1
TrafficJam;778;78;0,1;1
Oxigen;779;79;79;0,1;0,1;1
Temp;779;79;79;0,1;0,1;1
TrafficJam;779;79;0,1;1
Oxigen;780;80;80;0,1;0,1;1
Temp;780;80;80;0,1;0,1;1
TrafficJam;780;80;0,1;1
Oxigen;781;81;81;0,1;0,1;1
Temp;781;81;81;0,1;0,1;1
TrafficJam;781;81;0,1;1
Oxigen;782;82;82;0,1;0,1;1
Temp;782;82;82;0,1;0,1;1
TrafficJam;782;82;0,1;1
Oxigen;783;83;83;0,1;0,1;1
Temp;783;83;83;0,1;0,1;1
TrafficJam;783;83;0,1;1
Oxigen;784;84;84;0,1;0,1;1
Temp;784;84;84;0,1;0,1;1
TrafficJam;784;84;0,1;1
Oxigen;785;85;85;0,1;0,1;1
Temp;785;85;85;0,1;0,1;1
TrafficJam;785;85;0,1;1
Oxigen;786;86;86;0,1;0,1;1
Temp;786;86;86;0,1;0,1;1
TrafficJam;786;86;0,1;1
Oxigen;787;87;87;0,1;0,1;1
Temp;787;87;87;0,1;0,1;1
TrafficJam;787;87;0,1;1
Oxigen;788;88;88;0,1;0,1;1
Temp;788;88;88;0,1;0,1;1
TrafficJam;788;88;0,1;1
Oxigen;789;89;89;0,1;0,1;1
Temp;789;89;89;0,1;0,1;1
TrafficJam;789;89;0,1;1
Oxigen;790;90;90;0,1;0,1;1
Temp;790;90;90;0,1;0,1;1
TrafficJam;790;90;0,1;1
Oxigen;791;91;91;0,1;0,1;1
Temp;791;91;91;0,1;0,1;1
TrafficJam;791;91;0,1;1
Oxigen;792;92;92;0,1;0,1;1
Temp;792;92;92;0,1;0,1;1
TrafficJam;792;92;0,1;1
Oxigen;793;93;93;0,1;0,1;1
Temp;793;93;93;0,1;0,1;1
TrafficJam;793;93;0,1;1
Oxigen;794;94;94;0,1;0,1;1
Temp;794;94;94;0,1;0,1;1
TrafficJam;794;94;0,1;1
Oxigen;795;95;95;0,1;0,1;1
Temp;795;95;95;0,1;0,1;1
TrafficJam;795;95;0,1;1
Oxigen;796;96;96;0,1;0,1;1
Temp;796;96;96;0,1;0,1;1
TrafficJam;796;96;0,1;1
Oxigen;797;97;97;0,1;0,1;1
Temp;797;97;97;0,1;0,1;1
TrafficJam;797;97;0,1;1
Oxigen;798;98;98;0,1;0,1;1
Temp;798;98;98;0,1;0,1;1
TrafficJam;798;98;0,1;1
Oxigen;799;99;99;0,1;0,1;1
Temp;799;99;99;0,1;0,1;1
TrafficJam;799;99;0,1;1
Oxigen;800;100;100;0,1;0,1;1
Temp;800;100;100;0,1;0,1;1
TrafficJam;800;100;0,1;1
Oxigen;801;1;1;0,1;0,1;1
Temp;801;1;1;0,1;0,1;1
TrafficJam;801;1;0,1;1
Oxigen;802;2;2;0,1;0,1;1
Temp;802;2;2;0,1;0,1;1
TrafficJam;802;2;0,1;1
Oxigen;803;3;3;0,1;0,1;1
Temp;803;3;3;0,1;0,1;1
TrafficJam;803;3;0,1;1
Oxigen;804;4;4;0,1;0,1;1
Temp;804;4;4;0,1;0,1;1
TrafficJam;804;4;0,1;1
Oxigen;805;5;5;0,1;0,1;1
Temp;805;5;5;0,1;0,1;1
TrafficJam;805;5;0,1;1
Oxigen;806;6;6;0,1;0,1;1
Temp;806;6;6;0,1;0,1;1
TrafficJam;806;6;0,1;1
Oxigen;807;7;7;0,1;0,1;1
Temp;807;7;7;0,1;0,1;1
TrafficJam;807;7;0,1;1
Oxigen;808;8;8;0,1;0,1;1
Temp;808;8;8;0,1;0,1;1
TrafficJam;808;8;0,1;1
Oxigen;809;9;9;0,1;0,1;1
Temp;809;9;9;0,1;0,1;1
TrafficJam;809;9;0,1;1
Oxigen;810;10;10;0,1;0,1;1
Temp;810;10;10;0,1;0,1;1
TrafficJam;810;10;0,1;1
Oxigen;811;11;11;0,1;0,1;1
Temp;811;11;11;0,1;0,1;1
TrafficJam;811;11;0,1;1
Oxigen;812;12;12;0,1;0,1;1
Temp;812;12;12;0,1;0,1;1
TrafficJam;812;12;0,1;1
Oxigen;813;13;13;0,1;0,1;1
Temp;813;13;13;0,1;0,1;1
TrafficJam;813;13;0,1;1
Oxigen;814;14;14;0,1;0,1;1
Temp;814;14;14;0,1;0,1;1
TrafficJam;814;14;0,1;1
Oxigen;815;15;15;0,1;0,1;1
Temp;815;15;15;0,1;0,1;1
TrafficJam;815;15;0,1;1
Oxigen;816;16;16;0,1;0,1;1
Temp;816;16;16;0,1;0,1;1
TrafficJam;816;16;0,1;1
Oxigen;817;17;17;0,1;0,1;1
Temp;817;17;17;0,1;0,1;1
TrafficJam;817;17;0,1;1
Oxigen;818;18;18;0,1;0,1;1
Temp;818;18;18;0,1;0,1;1
TrafficJam;818;18;0,1;1
Oxigen;819;19;19;0,1;0,1;1
Temp;819;19;19;0,1;0,1;1
TrafficJam;819;19;0,1;1
Oxigen;820;20;20;0,1;0,1;1
Temp;820;20;20;0,1;0,1;1
TrafficJam;820;20;0,1;1
Oxigen;821;21;21;0,1;0,1;1
Temp;821;21;21;0,1;0,1;1
TrafficJam;821;21;0,1;1
Oxigen;822;22;22;0,1;0,1;1
Temp;822;22;22;0,1;0,1;1
TrafficJam;822;22;0,1;1
Oxigen;823;23;23;0,1;0,1;1
Temp;823;23;23;0,1;0,1;1
TrafficJam;823;23;0,1;1
Oxigen;824;24;24;0,1;0,1;1
Temp;824;24;24;0,1;0,1;1
TrafficJam;824;24;0,1;1
Oxigen;825;25;25;0,1;0,1;1
Temp;825;25;25;0,1;0,1;1
TrafficJam;825;25;0,1;1
Oxigen;826;26;26;0,1;0,1;1
Temp;826;26;26;0,1;0,1;1
TrafficJam;826;26;0,1;1
Oxigen;827;27;27;0,1;0,1;1
Temp;827;27;27;0,1;0,1;1
TrafficJam;827;27;0,1;1
Oxigen;828;28;28;0,1;0,1;1
Temp;828;28;28;0,1;0,1;1
TrafficJam;828;28;0,1;1
Oxigen;829;29;29;0,1;0,1;1
Temp;829;29;29;0,1;0,1;1
TrafficJam;829;29;0,1;1
Oxigen;830;30;30;0,1;0,1;1
Temp;830;30;30;0,1;0,1;1
TrafficJam;830;30;0,1;1
Oxigen;831;31;31;0,1;0,1;1
Temp;831;31;31;0,1;0,1;1
TrafficJam;831;31;0,1;1
Oxigen;832;32;32;0,1;0,1;1
Temp;832;32;32;0,1;0,1;1
TrafficJam;832;32;0,1;1
Oxigen;833;33;33;0,1;0,1;1
Temp;833;33;33;0,1;0,1;1
TrafficJam;833;33;0,1;1
Oxigen;834;34;34;0,1;0,1;1
Temp;834;34;34;0,1;0,1;1
TrafficJam;834;34;0,1;1
Oxigen;835;35;35;0,1;0,1;1
Temp;835;35;35;0,1;0,1;1
TrafficJam;835;35;0,1;1
Oxigen;836;36;36;0,1;0,1;1
Temp;836;36;36;0,1;0,1;1
TrafficJam;836;36;0,1;1
Oxigen;837;37;37;0,1;0,1;1
Temp;837;37;37;0,1;0,1;1
TrafficJam;837;37;0,1;1
Oxigen;838;38;38;0,1;0,1;1
Temp;838;38;38;0,1;0,1;1
TrafficJam;838;38;0,1;1
Oxigen;839;39;39;0,1;0,1;1
Temp;839;39;39;0,1;0,1;1
TrafficJam;839;39;0,1;1
Oxigen;840;40;40;0,1;0,1;1
Temp;840;40;40;0,1;0,1;1
TrafficJam;840;40;0,1;1
Oxigen;841;41;41;0,1;0,1;1
Temp;841;41;41;0,1;0,1;1
TrafficJam;841;41;0,1;1
Oxigen;842;42;42;0,1;0,1;1
Temp;842;42;42;0,1;0,1;1
TrafficJam;842;42;0,1;1
Oxigen;843;43;43;0,1;0,1;1
Temp;843;43;43;0,1;0,1;1
TrafficJam;843;43;0,1;1
Oxigen;844;44;44;0,1;0,1;1
Temp;844;44;44;0,1;0,1;1
TrafficJam;844;44;0,1;1
Oxigen;845;45;45;0,1;0,1;1
Temp;845;45;45;0,1;0,1;1
TrafficJam;845;45;0,1;1
Oxigen;846;46;46;0,1;0,1;1
Temp;846;46;46;0,1;0,1;1
TrafficJam;846;46;0,1;1
Oxigen;847;47;47;0,1;0,1;1
Temp;847;47;47;0,1;0,1;1
TrafficJam;847;47;0,1;1
Oxigen;848;48;48;0,1;0,1;1
Temp;848;48;48;0,1;0,1;1
TrafficJam;848;48;0,1;1
Oxigen;849;49;49;0,1;0,1;1
Temp;849;49;49;0,1;0,1;1
TrafficJam;849;49;0,1;1
Oxigen;850;50;50;0,1;0,1;1
Temp;850;50;50;0,1;0,1;1
TrafficJam;850;50;0,1;1
Oxigen;851;51;51;0,1;0,1;1
Temp;851;51;51;0,1;0,1;1
TrafficJam;851;51;0,1;1
Oxigen;852;52;52;0,1;0,1;1
Temp;852;52;52;0,1;0,1;1
TrafficJam;852;52;0,1;1
Oxigen;853;53;53;0,1;0,1;1
Temp;853;53;53;0,1;0,1;1
TrafficJam;853;53;0,1;1
Oxigen;854;54;54;0,1;0,1;1
Temp;854;54;54;0,1;0,1;1
TrafficJam;854;54;0,1;1
Oxigen;855;55;55;0,1;0,1;1
Temp;855;55;55;0,1;0,1;1
TrafficJam;855;55;0,1;1
Oxigen;856;56;56;0,1;0,1;1
Temp;856;56;56;0,1;0,1;1
TrafficJam;856;56;0,1;1
Oxigen;857;57;57;0,1;0,1;1
Temp;857;57;57;0,1;0,1;1
TrafficJam;857;57;0,1;1
Oxigen;858;58;58;0,1;0,1;1
Temp;858;58;58;0,1;0,1;1
TrafficJam;858;58;0,1;1
Oxigen;859;59;59;0,1;0,1;1
Temp;859;59;59;0,1;0,1;1
TrafficJam;859;59;0,1;1
Oxigen;860;60;60;0,1;0,1;1
Temp;860;60;60;0,1;0,1;1
TrafficJam;860;60;0,1;1
Oxigen;861;61;61;0,1;0,1;1
Temp;861;61;61;0,1;0,1;1
TrafficJam;861;61;0,1;1
Oxigen;862;62;62;0,1;0,1;1
Temp;862;62;62;0,1;0,1;1
TrafficJam;862;62;0,1;1
Oxigen;863;63;63;0,1;0,1;1
Temp;863;63;63;0,1;0,1;1
TrafficJam;863;63;0,1;1
Oxigen;864;64;64;0,1;0,1;1
Temp;864;64;64;0,1;0,1;1
TrafficJam;864;64;0,1;1
Oxigen;865;65;65;0,1;0,1;1
Temp;865;65;65;0,1;0,1;1
TrafficJam;865;65;0,1;1
Oxigen;866;66;66;0,1;0,1;1
Temp;866;66;66;0,1;0,1;1
TrafficJam;866;66;0,1;1
Oxigen;867;67;67;0,1;0,1;1
Temp;867;67;67;0,1;0,1;1
TrafficJam;867;67;0,1;1
Oxigen;868;68;68;0,1;0,1;1
Temp;868;68;68;0,1;0,1;1
TrafficJam;868;68;0,1;1
Oxigen;869;69;69;0,1;0,1;1
Temp;869;69;69;0,1;0,1;1
TrafficJam;869;69;0,1;1
Oxigen;870;70;70;0,1;0,1;1
Temp;870;70;70;0,1;0,1;1
TrafficJam;870;70;0,1;1
Oxigen;871;71;71;0,1;0,1;1
Temp;871;71;71;0,1;0,1;1
TrafficJam;871;71;0,1;1
Oxigen;872;72;72;0,1;0,1;1
Temp;872;72;72;0,1;0,1;1
TrafficJam;872;72;0,1;1
Oxigen;873;73;73;0,1;0,1;1
Temp;873;73;73;0,1;0,1;1
TrafficJam;873;73;0,1;1
Oxigen;874;74;74;0,1;0,1;1
Temp;874;74;74;0,1;0,1;1
TrafficJam;874;74;0,1;1
Oxigen;875;75;75;0,1;0,1;1
Temp;875;75;75;0,1;0,1;1
TrafficJam;875;75;0,1;1
Oxigen;876;76;76;0,1;0,1;1
Temp;876;76;76;0,1;0,1;1
TrafficJam;876;76;0,1;1
Oxigen;877;77;77;0,1;0,1;1
Temp;877;77;77;0,1;0,1;1
TrafficJam;877;77;0,1;1
Oxigen;878;78;78;0,1;0,1;1
Temp;878;78;78;0,1;0,1;1
TrafficJam;878;78;0,1;1
Oxigen;879;79;79;0,1;0,1;1
Temp;879;79;79;0,1;0,1;1
TrafficJam;879;79;0,1;1
Oxigen;880;80;80;0,1;0,1;1
Temp;880;80;80;0,1;0,1;1
TrafficJam;880;80;0,1;1
Oxigen;881;81;81;0,1;0,1;1
Temp;881;81;81;0,1;0,1;1
TrafficJam;881;81;0,1;1
Oxigen;882;82;82;0,1;0,1;1
Temp;882;82;82;0,1;0,1;1
TrafficJam;882;82;0,1;1
Oxigen;883;83;83;0,1;0,1;1
Temp;883;83;83;0,1;0,1;1
TrafficJam;883;83;0,1;1
Oxigen;884;84;84;0,1;0,1;1
Temp;884;84;84;0,1;0,1;1
TrafficJam;884;84;0,1;1
Oxigen;885;85;85;0,1;0,1;1
Temp;885;85;85;0,1;0,1;1
TrafficJam;885;85;0,1;1
Oxigen;886;86;86;0,1;0,1;1
Temp;886;86;86;0,1;0,1;1
TrafficJam;886;86;0,1;1
Oxigen;887;87;87;0,1;0,1;1
Temp;887;87;87;0,1;0,1;1
TrafficJam;887;87;0,1;1
Oxigen;888;88;88;0,1;0,1;1
Temp;888;88;88;0,1;0,1;1
TrafficJam;888;88;0,1;1
Oxigen;889;89;89;0,1;0,1;1
Temp;889;89;89;0,1;0,1;1
TrafficJam;889;89;0,1;1
Oxigen;890;90;90;0,1;0,1;1
Temp;890;90;90;0,1;0,1;1
TrafficJam;890;90;0,1;1
Oxigen;891;91;91;0,1;0,1;1
Temp;891;91;91;0,1;0,1;1
TrafficJam;891;91;0,1;1
Oxigen;892;92;92;0,1;0,1;1
Temp;892;92;92;0,1;0,1;1
TrafficJam;892;92;0,1;1
Oxigen;893;93;93;0,1;0,1;1
Temp;893;93;93;0,1;0,1;1
TrafficJam;893;93;0,1;1
Oxigen;894;94;94;0,1;0,1;1
Temp;894;94;94;0,1;0,1;1
TrafficJam;894;94;0,1;1
Oxigen;895;95;95;0,1;0,1;1
Temp;895;95;95;0,1;0,1;1
TrafficJam;895;95;0,1;1
Oxigen;896;96;96;0,1;0,1;1
Temp;896;96;96;0,1;0,1;1
TrafficJam;896;96;0,1;1
Oxigen;897;97;97;0,1;0,1;1
Temp;897;97;97;0,1;0,1;1
TrafficJam;897;97;0,1;1
Oxigen;898;98;98;0,1;0,1;1
Temp;898;98;98;0,1;0,1;1
TrafficJam;898;98;0,1;1
Oxigen;899;99;99;0,1;0,1;1
Temp;899;99;99;0,1;0,1;1
TrafficJam;899;99;0,1;1
Oxigen;900;100;100;0,1;0,1;1
Temp;900;100;100;0,1;0,1;1
TrafficJam;900;100;0,1;1
Oxigen;901;1;1;0,1;0,1;1
Temp;901;1;1;0,1;0,1;1
TrafficJam;901;1;0,1;1
Oxigen;902;2;2;0,1;0,1;1
Temp;902;2;2;0,1;0,1;1
TrafficJam;902;2;0,1;1
Oxigen;903;3;3;0,1;0,1;1
Temp;903;3;3;0,1;0,1;1
TrafficJam;903;3;0,1;1
Oxigen;904;4;4;0,1;0,1;1
Temp;904;4;4;0,1;0,1;1
TrafficJam;904;4;0,1;1
Oxigen;905;5;5;0,1;0,1;1
Temp;905;5;5;0,1;0,1;1
TrafficJam;905;5;0,1;1
Oxigen;906;6;6;0,1;0,1;1
Temp;906;6;6;0,1;0,1;1
TrafficJam;906;6;0,1;1
Oxigen;907;7;7;0,1;0,1;1
Temp;907;7;7;0,1;0,1;1
TrafficJam;907;7;0,1;1
Oxigen;908;8;8;0,1;0,1;1
Temp;908;8;8;0,1;0,1;1
TrafficJam;908;8;0,1;1
Oxigen;909;9;9;0,1;0,1;1
Temp;909;9;9;0,1;0,1;1
TrafficJam;909;9;0,1;1
Oxigen;910;10;10;0,1;0,1;1
Temp;910;10;10;0,1;0,1;1
TrafficJam;910;10;0,1;1
Oxigen;911;11;11;0,1;0,1;1
Temp;911;11;11;0,1;0,1;1
TrafficJam;911;11;0,1;1
Oxigen;912;12;12;0,1;0,1;1
Temp;912;12;12;0,1;0,1;1
TrafficJam;912;12;0,1;1
Oxigen;913;13;13;0,1;0,1;1
Temp;913;13;13;0,1;0,1;1
TrafficJam;913;13;0,1;1
Oxigen;914;14;14;0,1;0,1;1
Temp;914;14;14;0,1;0,1;1
TrafficJam;914;14;0,1;1
Oxigen;915;15;15;0,1;0,1;1
Temp;915;15;15;0,1;0,1;1
TrafficJam;915;15;0,1;1
Oxigen;916;16;16;0,1;0,1;1
Temp;916;16;16;0,1;0,1;1
TrafficJam;916;16;0,1;1
Oxigen;917;17;17;0,1;0,1;1
Temp;917;17;17;0,1;0,1;1
TrafficJam;917;17;0,1;1
Oxigen;918;18;18;0,1;0,1;1
Temp;918;18;18;0,1;0,1;1
TrafficJam;918;18;0,1;1
Oxigen;919;19;19;0,1;0,1;1
Temp;919;19;19;0,1;0,1;1
TrafficJam;919;19;0,1;1
Oxigen;920;20;20;0,1;0,1;1
Temp;920;20;20;0,1;0,1;1
TrafficJam;920;20;0,1;1
Oxigen;921;21;21;0,1;0,1;1
Temp;921;21;21;0,1;0,1;1
TrafficJam;921;21;0,1;1
Oxigen;922;22;22;0,1;0,1;1
Temp;922;22;22;0,1;0,1;1
TrafficJam;922;22;0,1;1
Oxigen;923;23;23;0,1;0,1;1
Temp;923;23;23;0,1;0,1;1
TrafficJam;923;23;0,1;1
Oxigen;924;24;24;0,1;0,1;1
Temp;924;24;24;0,1;0,1;1
TrafficJam;924;24;0,1;1
Oxigen;925;25;25;0,1;0,1;1
Temp;925;25;25;0,1;0,1;1
TrafficJam;925;25;0,1;1
Oxigen;926;26;26;0,1;0,1;1
Temp;926;26;26;0,1;0,1;1
TrafficJam;926;26;0,1;1
Oxigen;927;27;27;0,1;0,1;1
Temp;927;27;27;0,1;0,1;1
TrafficJam;927;27;0,1;1
Oxigen;928;28;28;0,1;0,1;1
Temp;928;28;28;0,1;0,1;1
TrafficJam;928;28;0,1;1
Oxigen;929;29;29;0,1;0,1;1
Temp;929;29;29;0,1;0,1;1
TrafficJam;929;29;0,1;1
Oxigen;930;30;30;0,1;0,1;1
Temp;930;30;30;0,1;0,1;1
TrafficJam;930;30;0,1;1
Oxigen;931;31;31;0,1;0,1;1
Temp;931;31;31;0,1;0,1;1
TrafficJam;931;31;0,1;1
Oxigen;932;32;32;0,1;0,1;1
Temp;932;32;32;0,1;0,1;1
TrafficJam;932;32;0,1;1
Oxigen;933;33;33;0,1;0,1;1
Temp;933;33;33;0,1;0,1;1
TrafficJam;933;33;0,1;1
Oxigen;934;34;34;0,1;0,1;1
Temp;934;34;34;0,1;0,1;1
TrafficJam;934;34;0,1;1
Oxigen;935;35;35;0,1;0,1;1
Temp;935;35;35;0,1;0,1;1
TrafficJam;935;35;0,1;1
Oxigen;936;36;36;0,1;0,1;1
Temp;936;36;36;0,1;0,1;1
TrafficJam;936;36;0,1;1
Oxigen;937;37;37;0,1;0,1;1
Temp;937;37;37;0,1;0,1;1
TrafficJam;937;37;0,1;1
Oxigen;938;38;38;0,1;0,1;1
Temp;938;38;38;0,1;0,1;1
TrafficJam;938;38;0,1;1
Oxigen;939;39;39;0,1;0,1;1
Temp;939;39;39;0,1;0,1;1
TrafficJam;939;39;0,1;1
Oxigen;940;40;40;0,1;0,1;1
Temp;940;40;40;0,1;0,1;1
TrafficJam;940;40;0,1;1
Oxigen;941;41;41;0,1;0,1;1
Temp;941;41;41;0,1;0,1;1
TrafficJam;941;41;0,1;1
Oxigen;942;42;42;0,1;0,1;1
Temp;942;42;42;0,1;0,1;1
TrafficJam;942;42;0,1;1
Oxigen;943;43;43;0,1;0,1;1
Temp;943;43;43;0,1;0,1;1
TrafficJam;943;43;0,1;1
Oxigen;944;44;44;0,1;0,1;1
Temp;944;44;44;0,1;0,1;1
TrafficJam;944;44;0,1;1
Oxigen;945;45;45;0,1;0,1;1
Temp;945;45;45;0,1;0,1;1
TrafficJam;945;45;0,1;1
Oxigen;946;46;46;0,1;0,1;1
Temp;946;46;46;0,1;0,1;1
TrafficJam;946;46;0,1;1
Oxigen;947;47;47;0,1;0,1;1
Temp;947;47;47;0,1;0,1;1
TrafficJam;947;47;0,1;1
Oxigen;948;48;48;0,1;0,1;1
Temp;948;48;48;0,1;0,1;1
TrafficJam;948;48;0,1;1
Oxigen;949;49;49;0,1;0,1;1
Temp;949;49;49;0,1;0,1;1
TrafficJam;949;49;0,1;1
Oxigen;950;50;50;0,1;0,1;1
Temp;950;50;50;0,1;0,1;1
TrafficJam;950;50;0,1;1
Oxigen;951;51;51;0,1;0,1;1
Temp;951;51;51;0,1;0,1;1
TrafficJam;951;51;0,1;1
Oxigen;952;52;52;0,1;0,1;1
Temp;952;52;52;0,1;0,1;1
TrafficJam;952;52;0,1;1
Oxigen;953;53;53;0,1;0,1;1
Temp;953;53;53;0,1;0,1;1
TrafficJam;953;53;0,1;1
Oxigen;954;54;54;0,1;0,1;1
Temp;954;54;54;0,1;0,1;1
TrafficJam;954;54;0,1;1
Oxigen;955;55;55;0,1;0,1;1
Temp;955;55;55;0,1;0,1;1
TrafficJam;955;55;0,1;1
Oxigen;956;56;56;0,1;0,1;1
Temp;956;56;56;0,1;0,1;1
TrafficJam;956;56;0,1;1
Oxigen;957;57;57;0,1;0,1;1
Temp;957;57;57;0,1;0,1;1
TrafficJam;957;57;0,1;1
Oxigen;958;58;58;0,1;0,1;1
Temp;958;58;58;0,1;0,1;1
TrafficJam;958;58;0,1;1
Oxigen;959;59;59;0,1;0,1;1
Temp;959;59;59;0,1;0,1;1
TrafficJam;959;59;0,1;1
Oxigen;960;60;60;0,1;0,1;1
Temp;960;60;60;0,1;0,1;1
TrafficJam;960;60;0,1;1
Oxigen;961;61;61;0,1;0,1;1
Temp;961;61;61;0,1;0,1;1
TrafficJam;961;61;0,1;1
Oxigen;962;62;62;0,1;0,1;1
Temp;962;62;62;0,1;0,1;1
TrafficJam;962;62;0,1;1
Oxigen;963;63;63;0,1;0,1;1
Temp;963;63;63;0,1;0,1;1
TrafficJam;963;63;0,1;1
Oxigen;964;64;64;0,1;0,1;1
Temp;964;64;64;0,1;0,1;1
TrafficJam;964;64;0,1;1
Oxigen;965;65;65;0,1;0,1;1
Temp;965;65;65;0,1;0,1;1
TrafficJam;965;65;0,1;1
Oxigen;966;66;66;0,1;0,1;1
Temp;966;66;66;0,1;0,1;1
TrafficJam;966;66;0,1;1
Oxigen;967;67;67;0,1;0,1;1
Temp;967;67;67;0,1;0,1;1
TrafficJam;967;67;0,1;1
Oxigen;968;68;68;0,1;0,1;1
Temp;968;68;68;0,1;0,1;1
TrafficJam;968;68;0,1;1
Oxigen;969;69;69;0,1;0,1;1
Temp;969;69;69;0,1;0,1;1
TrafficJam;969;69;0,1;1
Oxigen;970;70;70;0,1;0,1;1
Temp;970;70;70;0,1;0,1;1
TrafficJam;970;70;0,1;1
Oxigen;971;71;71;0,1;0,1;1
Temp;971;71;71;0,1;0,1;1
TrafficJam;971;71;0,1;1
Oxigen;972;72;72;0,1;0,1;1
Temp;972;72;72;0,1;0,1;1
TrafficJam;972;72;0,1;1
Oxigen;973;73;73;0,1;0,1;1
Temp;973;73;73;0,1;0,1;1
TrafficJam;973;73;0,1;1
Oxigen;974;74;74;0,1;0,1;1
Temp;974;74;74;0,1;0,1;1
TrafficJam;974;74;0,1;1
Oxigen;975;75;75;0,1;0,1;1
Temp;975;75;75;0,1;0,1;1
TrafficJam;975;75;0,1;1
Oxigen;976;76;76;0,1;0,1;1
Temp;976;76;76;0,1;0,1;1
TrafficJam;976;76;0,1;1
Oxigen;977;77;77;0,1;0,1;1
Temp;977;77;77;0,1;0,1;1
TrafficJam;977;77;0,1;1
Oxigen;978;78;78;0,1;0,1;1
Temp;978;78;78;0,1;0,1;1
TrafficJam;978;78;0,1;1
Oxigen;979;79;79;0,1;0,1;1
Temp;979;79;79;0,1;0,1;1
TrafficJam;979;79;0,1;1
Oxigen;980;80;80;0,1;0,1;1
Temp;980;80;80;0,1;0,1;1
TrafficJam;980;80;0,1;1
Oxigen;981;81;81;0,1;0,1;1
Temp;981;81;81;0,1;0,1;1
TrafficJam;981;81;0,1;1
Oxigen;982;82;82;0,1;0,1;1
Temp;982;82;82;0,1;0,1;1
TrafficJam;982;82;0,1;1
Oxigen;983;83;83;0,1;0,1;1
Temp;983;83;83;0,1;0,1;1
TrafficJam;983;83;0,1;1
Oxigen;984;84;84;0,1;0,1;1
Temp;984;84;84;0,1;0,1;1
TrafficJam;984;84;0,1;1
Oxigen;985;85;85;0,1;0,1;1
Temp;985;85;85;0,1;0,1;1
TrafficJam;985;85;0,1;1
Oxigen;986;86;86;0,1;0,1;1
Temp;986;86;86;0,1;0,1;1
TrafficJam;986;86;0,1;1
Oxigen;987;87;87;0,1;0,1;1
Temp;987;87;87;0,1;0,1;1
TrafficJam;987;87;0,1;1
Oxigen;988;88;88;0,1;0,1;1
Temp;988;88;88;0,1;0,1;1
TrafficJam;988;88;0,1;1
Oxigen;989;89;89;0,1;0,1;1
Temp;989;89;89;0,1;0,1;1
TrafficJam;989;89;0,1;1
Oxigen;990;90;90;0,1;0,1;1
Temp;990;90;90;0,1;0,1;1
TrafficJam;990;90;0,1;1
Oxigen;991;91;91;0,1;0,1;1
Temp;991;91;91;0,1;0,1;1
TrafficJam;991;91;0,1;1
Oxigen;992;92;92;0,1;0,1;1
Temp;992;92;92;0,1;0,1;1
TrafficJam;992;92;0,1;1
Oxigen;993;93;93;0,1;0,1;1
Temp;993;93;93;0,1;0,1;1
TrafficJam;993;93;0,1;1
Oxigen;994;94;94;0,1;0,1;1
Temp;994;94;94;0,1;0,1;1
TrafficJam;994;94;0,1;1
Oxigen;995;95;95;0,1;0,1;1
Temp;995;95;95;0,1;0,1;1
TrafficJam;995;95;0,1;1
Oxigen;996;96;96;0,1;0,1;1
Temp;996;96;96;0,1;0,1;1
TrafficJam;996;96;0,1;1
Oxigen;997;97;97;0,1;0,1;1
Temp;997;97;97;0,1;0,1;1
TrafficJam;997;97;0,1;1
Oxigen;998;98;98;0,1;0,1;1
Temp;998;98;98;0,1;0,1;1
TrafficJam;998;98;0,1;1
Oxigen;999;99;99;0,1;0,1;1
Temp;999;99;99;0,1;0,1;1
TrafficJam;999;99;0,1;1
Oxigen;1000;100;100;0,1;0,1;1
Temp;1000;100;100;0,1;0,1;1
TrafficJam;1000;100;0,1;1
